/home/kmang/.local/lib/python3.12/site-packages/torch/cuda/__init__.py:63: FutureWarning: The pynvml package is deprecated. Please install nvidia-ml-py instead. If you did not install pynvml directly, please report this to the maintainers of the package that installed pynvml for you.
  import pynvml  # type: ignore[import]
[0;0H╭──────────────────────────────────────────────────────────────────────────────╮
│  PufferLib 3.0 🐡             CPU: 0.0%  GPU: 0.0%  DRAM: 0.0%   VRAM: 0.0%  │
│                                                                              │
│  Summary          Value    Evaluate      0s   0%    Losses            Value  │
│  Env        wolf_rabbit      Forwa…      0s   0%                             │
│  Params            5.9K      Env         0s   0%                             │
│  Steps                0      Copy        0s   0%                             │
│  SPS                  0      Misc        0s   0%                             │
│  Epoch                0    Train         0s   0%                             │
│  Uptime              0s      Forwa…      0s   0%                             │
│  Remaini…   A hair past      Learn       0s   0%                             │
│               a freckle      Copy        0s   0%                             │
│                              Misc        0s   0%                             │
│                                                                              │
│  User Stats                    Value    User Stats                    Value  │
╰──────────────────────────────────────────────────────────────────────────────╯


=== Stage 0: arena 3x3 (map_half=1.5) ===
[0;0H╭──────────────────────────────────────────────────────────────────────────────╮
│  PufferLib 3.0          🐡      CPU:     GPU: 2.7%  DRAM: 3.3%   VRAM: 5.1%  │
│                                118.9%                                        │
│                                                                              │
│  Summary          Value    Evaluate      1s   0%    Losses            Value  │
│  Env        wolf_rabbit      Forwa…      1s   0%    policy_loss       0.009  │
│  Params            5.9K      Env         0s   0%    value_loss        0.023  │
│  Steps            65.5K      Copy        0s   0%    entropy           2.706  │
│  SPS              32.9K      Misc        0s   0%    old_approx_kl     0.003  │
│  Epoch                1    Train         0s   0%    approx_kl         0.007  │
│  Uptime              1s      Forwa…      0s   0%    clipfrac          0.072  │
│  Remaini…         6m 2s      Learn       0s   0%    importance        1.003  │
│                              Copy        0s   0%    explained_var…    0.185  │
│                              Misc        0s   0%                             │
│                                                                              │
│  User Stats                    Value    User Stats                    Value  │
╰──────────────────────────────────────────────────────────────────────────────╯

  step=    65536  eval_eaten= 0.00  trail_avg= 0.00
[0;0H╭──────────────────────────────────────────────────────────────────────────────╮
│  PufferLib 3.0         🐡       CPU:     GPU: 3.5%  DRAM: 3.8%   VRAM: 5.9%  │
│                                170.0%                                        │
│                                                                              │
│  Summary          Value    Evaluate      1s  55%    Losses            Value  │
│  Env        wolf_rabbit      Forwa…      1s  53%    policy_loss       0.013  │
│  Params            5.9K      Env         0s   0%    value_loss        0.024  │
│  Steps           131.1K      Copy        0s   1%    entropy           2.711  │
│  SPS             136.3K      Misc        0s   0%    old_approx_kl     0.002  │
│  Epoch                2    Train         0s  44%    approx_kl         0.003  │
│  Uptime              2s      Forwa…      0s   0%    clipfrac          0.032  │
│  Remaini…        1m 27s      Learn       0s   1%    importance        1.001  │
│                              Copy        0s  11%    explained_var…    0.141  │
│                              Misc        0s   5%                             │
│                                                                              │
│  User Stats                    Value    User Stats                    Value  │
╰──────────────────────────────────────────────────────────────────────────────╯

  step=   131072  eval_eaten= 0.00  trail_avg= 0.00
[0;0H╭──────────────────────────────────────────────────────────────────────────────╮
│  PufferLib 3.0        🐡        CPU:     GPU: 3.5%  DRAM: 3.8%   VRAM: 5.9%  │
│                                170.0%                                        │
│                                                                              │
│  Summary          Value    Evaluate      1s  55%    Losses            Value  │
│  Env        wolf_rabbit      Forwa…      1s  53%    policy_loss       0.012  │
│  Params            5.9K      Env         0s   0%    value_loss        0.026  │
│  Steps           196.6K      Copy        0s   1%    entropy           2.674  │
│  SPS             159.2K      Misc        0s   0%    old_approx_kl     0.006  │
│  Epoch                3    Train         0s  44%    approx_kl         0.009  │
│  Uptime              2s      Forwa…      0s   0%    clipfrac          0.148  │
│  Remaini…        1m 14s      Learn       0s   1%    importance        1.003  │
│                              Copy        0s  11%    explained_var…    0.150  │
│                              Misc        0s   5%                             │
│                                                                              │
│  User Stats                    Value    User Stats                    Value  │
╰──────────────────────────────────────────────────────────────────────────────╯

  step=   196608  eval_eaten= 0.00  trail_avg= 0.00
[0;0H╭──────────────────────────────────────────────────────────────────────────────╮
│  PufferLib 3.0       🐡         CPU:     GPU: 6.2%  DRAM: 4.0%   VRAM: 6.3%  │
│                                203.7%                                        │
│                                                                              │
│  Summary          Value    Evaluate      1s  55%    Losses            Value  │
│  Env        wolf_rabbit      Forwa…      1s  53%    policy_loss       0.022  │
│  Params            5.9K      Env         0s   0%    value_loss        0.031  │
│  Steps           262.1K      Copy        0s   1%    entropy           2.628  │
│  SPS             191.5K      Misc        0s   0%    old_approx_kl     0.006  │
│  Epoch                4    Train         0s  44%    approx_kl         0.008  │
│  Uptime              3s      Forwa…      0s   0%    clipfrac          0.129  │
│  Remaini…         1m 1s      Learn       0s   1%    importance        1.003  │
│                              Copy        0s  11%    explained_var…    0.195  │
│                              Misc        0s   5%                             │
│                                                                              │
│  User Stats                    Value    User Stats                    Value  │
╰──────────────────────────────────────────────────────────────────────────────╯

  step=   262144  eval_eaten= 0.00  trail_avg= 0.00
[0;0H╭──────────────────────────────────────────────────────────────────────────────╮
│  PufferLib 3.0      🐡          CPU:     GPU: 6.2%  DRAM: 4.0%   VRAM: 6.3%  │
│                                203.7%                                        │
│                                                                              │
│  Summary          Value    Evaluate      1s  55%    Losses            Value  │
│  Env        wolf_rabbit      Forwa…      1s  53%    policy_loss       0.028  │
│  Params            5.9K      Env         0s   0%    value_loss        0.038  │
│  Steps           327.7K      Copy        0s   1%    entropy           2.522  │
│  SPS             162.8K      Misc        0s   0%    old_approx_kl     0.008  │
│  Epoch                5    Train         0s  44%    approx_kl         0.012  │
│  Uptime              3s      Forwa…      0s   0%    clipfrac          0.210  │
│  Remaini…        1m 11s      Learn       0s   1%    importance        1.004  │
│                              Copy        0s  11%    explained_var…    0.224  │
│                              Misc        0s   5%                             │
│                                                                              │
│  User Stats                    Value    User Stats                    Value  │
╰──────────────────────────────────────────────────────────────────────────────╯

  step=   327680  eval_eaten= 0.00  trail_avg= 0.00
[0;0H╭──────────────────────────────────────────────────────────────────────────────╮
│  PufferLib 3.0     🐡           CPU:     GPU: 6.2%  DRAM: 4.0%   VRAM: 6.3%  │
│                                203.7%                                        │
│                                                                              │
│  Summary          Value    Evaluate      1s  55%    Losses            Value  │
│  Env        wolf_rabbit      Forwa…      1s  53%    policy_loss       0.039  │
│  Params            5.9K      Env         0s   0%    value_loss        0.049  │
│  Steps           393.2K      Copy        0s   1%    entropy           2.467  │
│  SPS             183.7K      Misc        0s   0%    old_approx_kl     0.003  │
│  Epoch                6    Train         0s  44%    approx_kl         0.006  │
│  Uptime              4s      Forwa…      0s   0%    clipfrac          0.089  │
│  Remaini…         1m 3s      Learn       0s   1%    importance        1.002  │
│                              Copy        0s  11%    explained_var…    0.288  │
│                              Misc        0s   5%                             │
│                                                                              │
│  User Stats                    Value    User Stats                    Value  │
╰──────────────────────────────────────────────────────────────────────────────╯

  step=   393216  eval_eaten= 0.00  trail_avg= 0.00
[0;0H╭──────────────────────────────────────────────────────────────────────────────╮
│  PufferLib 3.0    🐡            CPU:     GPU: 7.7%  DRAM: 4.2%   VRAM: 6.6%  │
│                                225.8%                                        │
│                                                                              │
│  Summary          Value    Evaluate      1s  46%    Losses            Value  │
│  Env        wolf_rabbit      Forwa…      1s  26%    policy_loss       0.041  │
│  Params            5.9K      Env         0s   2%    value_loss        0.056  │
│  Steps           458.8K      Copy        0s  16%    entropy           2.341  │
│  SPS             166.6K      Misc        0s   0%    old_approx_kl     0.008  │
│  Epoch                7    Train         0s  53%    approx_kl         0.011  │
│  Uptime              4s      Forwa…      0s   7%    clipfrac          0.179  │
│  Remaini…         1m 9s      Learn       0s  23%    importance        1.003  │
│                              Copy        0s   5%    explained_var…    0.273  │
│                              Misc        0s  18%                             │
│                                                                              │
│  User Stats                    Value    User Stats                    Value  │
╰──────────────────────────────────────────────────────────────────────────────╯

  step=   458752  eval_eaten= 0.00  trail_avg= 0.00
[0;0H╭──────────────────────────────────────────────────────────────────────────────╮
│  PufferLib 3.0   🐡             CPU:     GPU: 7.7%  DRAM: 4.2%   VRAM: 6.6%  │
│                                225.8%                                        │
│                                                                              │
│  Summary          Value    Evaluate      1s  46%    Losses            Value  │
│  Env        wolf_rabbit      Forwa…      1s  26%    policy_loss       0.046  │
│  Params            5.9K      Env         0s   2%    value_loss        0.067  │
│  Steps           524.3K      Copy        0s  16%    entropy           2.294  │
│  SPS             147.1K      Misc        0s   0%    old_approx_kl     0.004  │
│  Epoch                8    Train         0s  53%    approx_kl         0.007  │
│  Uptime              4s      Forwa…      0s   7%    clipfrac          0.098  │
│  Remaini…        1m 18s      Learn       0s  23%    importance        1.002  │
│                              Copy        0s   5%    explained_var…    0.277  │
│                              Misc        0s  18%                             │
│                                                                              │
│  User Stats                    Value    User Stats                    Value  │
╰──────────────────────────────────────────────────────────────────────────────╯

  step=   524288  eval_eaten= 0.00  trail_avg= 0.00
[0;0H╭──────────────────────────────────────────────────────────────────────────────╮
│  PufferLib 3.0  🐡              CPU:     GPU: 9.0%  DRAM: 4.3%   VRAM: 6.9%  │
│                                241.4%                                        │
│                                                                              │
│  Summary          Value    Evaluate      1s  46%    Losses            Value  │
│  Env        wolf_rabbit      Forwa…      1s  26%    policy_loss       0.052  │
│  Params            5.9K      Env         0s   2%    value_loss        0.090  │
│  Steps           589.8K      Copy        0s  16%    entropy           2.184  │
│  SPS             137.0K      Misc        0s   0%    old_approx_kl     0.005  │
│  Epoch                9    Train         0s  53%    approx_kl         0.009  │
│  Uptime              5s      Forwa…      0s   7%    clipfrac          0.126  │
│  Remaini…        1m 23s      Learn       0s  23%    importance        1.004  │
│                              Copy        0s   5%    explained_var…    0.334  │
│                              Misc        0s  18%                             │
│                                                                              │
│  User Stats                    Value    User Stats                    Value  │
╰──────────────────────────────────────────────────────────────────────────────╯

  step=   589824  eval_eaten= 0.00  trail_avg= 0.00
[0;0H╭──────────────────────────────────────────────────────────────────────────────╮
│  PufferLib 3.0 🐡               CPU:     GPU: 9.0%  DRAM: 4.3%   VRAM: 6.9%  │
│                                241.4%                                        │
│                                                                              │
│  Summary          Value    Evaluate      1s  46%    Losses            Value  │
│  Env        wolf_rabbit      Forwa…      1s  26%    policy_loss       0.058  │
│  Params            5.9K      Env         0s   2%    value_loss        0.109  │
│  Steps           655.4K      Copy        0s  16%    entropy           2.110  │
│  SPS             144.9K      Misc        0s   0%    old_approx_kl     0.005  │
│  Epoch               10    Train         0s  53%    approx_kl         0.007  │
│  Uptime              5s      Forwa…      0s   7%    clipfrac          0.099  │
│  Remaini…        1m 18s      Learn       0s  23%    importance        1.002  │
│                              Copy        0s   5%    explained_var…    0.350  │
│                              Misc        0s  18%                             │
│                                                                              │
│  User Stats                    Value    User Stats                    Value  │
╰──────────────────────────────────────────────────────────────────────────────╯

  step=   655360  eval_eaten= 0.00  trail_avg= 0.00
[0;0H╭──────────────────────────────────────────────────────────────────────────────╮
│  PufferLib 3.0          🐡      CPU:     GPU: 9.2%  DRAM: 4.4%   VRAM: 7.0%  │
│                                252.1%                                        │
│                                                                              │
│  Summary          Value    Evaluate      1s  46%    Losses            Value  │
│  Env        wolf_rabbit      Forwa…      1s  26%    policy_loss       0.059  │
│  Params            5.9K      Env         0s   2%    value_loss        0.146  │
│  Steps           720.9K      Copy        0s  16%    entropy           2.007  │
│  SPS             152.5K      Misc        0s   0%    old_approx_kl     0.002  │
│  Epoch               11    Train         1s  53%    approx_kl         0.006  │
│  Uptime              6s      Forwa…      0s   7%    clipfrac          0.086  │
│  Remaini…        1m 13s      Learn       0s  23%    importance        1.004  │
│                              Copy        0s   5%    explained_var…    0.344  │
│                              Misc        0s  18%                             │
│                                                                              │
│  User Stats                    Value    User Stats                    Value  │
╰──────────────────────────────────────────────────────────────────────────────╯

  step=   720896  eval_eaten= 0.00  trail_avg= 0.00
[0;0H╭──────────────────────────────────────────────────────────────────────────────╮
│  PufferLib 3.0         🐡       CPU:     GPU: 9.2%  DRAM: 4.4%   VRAM: 7.0%  │
│                                252.1%                                        │
│                                                                              │
│  Summary          Value    Evaluate      1s  51%    Losses            Value  │
│  Env        wolf_rabbit      Forwa…      1s  30%    policy_loss       0.047  │
│  Params            5.9K      Env         0s   3%    value_loss        0.193  │
│  Steps           786.4K      Copy        0s  17%    entropy           1.905  │
│  SPS             150.6K      Misc        0s   0%    old_approx_kl     0.003  │
│  Epoch               12    Train         1s  48%    approx_kl         0.006  │
│  Uptime              6s      Forwa…      0s   3%    clipfrac          0.065  │
│  Remaini…        1m 14s      Learn       0s  11%    importance        1.003  │
│                              Copy        0s   2%    explained_var…    0.303  │
│                              Misc        0s  14%                             │
│                                                                              │
│  User Stats                    Value    User Stats                    Value  │
╰──────────────────────────────────────────────────────────────────────────────╯

  step=   786432  eval_eaten= 0.00  trail_avg= 0.00
[0;0H╭──────────────────────────────────────────────────────────────────────────────╮
│  PufferLib 3.0        🐡        CPU:     GPU: 9.4%  DRAM: 4.5%   VRAM: 7.2%  │
│                                260.6%                                        │
│                                                                              │
│  Summary          Value    Evaluate      1s  51%    Losses            Value  │
│  Env        wolf_rabbit      Forwa…      1s  30%    policy_loss       0.041  │
│  Params            5.9K      Env         0s   3%    value_loss        0.213  │
│  Steps           852.0K      Copy        0s  17%    entropy           1.827  │
│  SPS             161.7K      Misc        0s   0%    old_approx_kl     0.003  │
│  Epoch               13    Train         1s  48%    approx_kl         0.006  │
│  Uptime              7s      Forwa…      0s   3%    clipfrac          0.062  │
│  Remaini…         1m 8s      Learn       0s  11%    importance        1.002  │
│                              Copy        0s   2%    explained_var…    0.206  │
│                              Misc        0s  14%                             │
│                                                                              │
│  User Stats                    Value    User Stats                    Value  │
╰──────────────────────────────────────────────────────────────────────────────╯

  step=   851968  eval_eaten= 0.00  trail_avg= 0.00
[0;0H╭──────────────────────────────────────────────────────────────────────────────╮
│  PufferLib 3.0       🐡         CPU:     GPU: 9.4%  DRAM: 4.5%   VRAM: 7.2%  │
│                                260.6%                                        │
│                                                                              │
│  Summary          Value    Evaluate      1s  51%    Losses            Value  │
│  Env        wolf_rabbit      Forwa…      1s  30%    policy_loss       0.036  │
│  Params            5.9K      Env         0s   3%    value_loss        0.247  │
│  Steps           917.5K      Copy        0s  17%    entropy           1.740  │
│  SPS             199.1K      Misc        0s   0%    old_approx_kl     0.002  │
│  Epoch               14    Train         1s  48%    approx_kl         0.004  │
│  Uptime              7s      Forwa…      0s   3%    clipfrac          0.034  │
│  Remaini…           55s      Learn       0s  11%    importance        1.002  │
│                              Copy        0s   2%    explained_var…    0.109  │
│                              Misc        0s  14%                             │
│                                                                              │
│  User Stats                    Value    User Stats                    Value  │
╰──────────────────────────────────────────────────────────────────────────────╯

  step=   917504  eval_eaten= 0.00  trail_avg= 0.00
[0;0H╭──────────────────────────────────────────────────────────────────────────────╮
│  PufferLib 3.0      🐡          CPU:     GPU: 9.4%  DRAM: 4.5%   VRAM: 7.2%  │
│                                260.6%                                        │
│                                                                              │
│  Summary          Value    Evaluate      1s  51%    Losses            Value  │
│  Env        wolf_rabbit      Forwa…      1s  30%    policy_loss       0.035  │
│  Params            5.9K      Env         0s   3%    value_loss        0.272  │
│  Steps           983.0K      Copy        0s  17%    entropy           1.669  │
│  SPS             184.5K      Misc        0s   0%    old_approx_kl     0.002  │
│  Epoch               15    Train         1s  48%    approx_kl         0.004  │
│  Uptime              7s      Forwa…      0s   3%    clipfrac          0.032  │
│  Remaini…           59s      Learn       0s  11%    importance        1.002  │
│                              Copy        0s   2%    explained_var…    0.119  │
│                              Misc        0s  14%                             │
│                                                                              │
│  User Stats                    Value    User Stats                    Value  │
╰──────────────────────────────────────────────────────────────────────────────╯

  step=   983040  eval_eaten= 0.00  trail_avg= 0.00
[0;0H╭──────────────────────────────────────────────────────────────────────────────╮
│  PufferLib 3.0     🐡           CPU:     GPU: 9.9%  DRAM: 4.5%   VRAM: 7.3%  │
│                                268.5%                                        │
│                                                                              │
│  Summary          Value    Evaluate      1s  51%    Losses            Value  │
│  Env        wolf_rabbit      Forwa…      1s  30%    policy_loss       0.031  │
│  Params            5.9K      Env         0s   3%    value_loss        0.290  │
│  Steps             1.0M      Copy        0s  17%    entropy           1.589  │
│  SPS             167.7K      Misc        0s   0%    old_approx_kl     0.002  │
│  Epoch               16    Train         1s  48%    approx_kl         0.003  │
│  Uptime              8s      Forwa…      0s   3%    clipfrac          0.022  │
│  Remaini…         1m 5s      Learn       0s  11%    importance        1.001  │
│                              Copy        0s   2%    explained_var…    0.025  │
│                              Misc        0s  14%                             │
│                                                                              │
│  User Stats                    Value    User Stats                    Value  │
╰──────────────────────────────────────────────────────────────────────────────╯

  step=  1048576  eval_eaten= 0.00  trail_avg= 0.00
[0;0H╭──────────────────────────────────────────────────────────────────────────────╮
│  PufferLib 3.0    🐡            CPU:     GPU: 9.9%  DRAM: 4.5%   VRAM: 7.3%  │
│                                268.5%                                        │
│                                                                              │
│  Summary          Value    Evaluate      1s  47%    Losses            Value  │
│  Env        wolf_rabbit      Forwa…      1s  24%    policy_loss       0.025  │
│  Params            5.9K      Env         0s   3%    value_loss        0.321  │
│  Steps             1.1M      Copy        0s  19%    entropy           1.534  │
│  SPS             175.5K      Misc        0s   0%    old_approx_kl     0.003  │
│  Epoch               17    Train         1s  52%    approx_kl         0.004  │
│  Uptime              8s      Forwa…      0s   3%    clipfrac          0.036  │
│  Remaini…         1m 2s      Learn       0s  16%    importance        1.001  │
│                              Copy        0s   4%    explained_var…   -0.067  │
│                              Misc        0s  14%                             │
│                                                                              │
│  User Stats                    Value    User Stats                    Value  │
╰──────────────────────────────────────────────────────────────────────────────╯

  step=  1114112  eval_eaten= 0.00  trail_avg= 0.00
[0;0H╭──────────────────────────────────────────────────────────────────────────────╮
│  PufferLib 3.0   🐡             CPU:     GPU: 9.9%  DRAM: 4.5%   VRAM: 7.3%  │
│                                268.5%                                        │
│                                                                              │
│  Summary          Value    Evaluate      1s  47%    Losses            Value  │
│  Env        wolf_rabbit      Forwa…      1s  24%    policy_loss       0.016  │
│  Params            5.9K      Env         0s   3%    value_loss        0.330  │
│  Steps             1.2M      Copy        0s  19%    entropy           1.488  │
│  SPS             181.9K      Misc        0s   0%    old_approx_kl     0.003  │
│  Epoch               18    Train         1s  52%    approx_kl         0.004  │
│  Uptime              8s      Forwa…      0s   3%    clipfrac          0.044  │
│  Remaini…           59s      Learn       0s  16%    importance        1.001  │
│                              Copy        0s   4%    explained_var…   -0.216  │
│                              Misc        0s  14%                             │
│                                                                              │
│  User Stats                    Value    User Stats                    Value  │
╰──────────────────────────────────────────────────────────────────────────────╯

  step=  1179648  eval_eaten= 0.00  trail_avg= 0.00
[0;0H╭──────────────────────────────────────────────────────────────────────────────╮
│  PufferLib 3.0  🐡              CPU:       GPU:     DRAM: 4.6%   VRAM: 7.3%  │
│                                274.5%      10.2%                             │
│                                                                              │
│  Summary          Value    Evaluate      1s  47%    Losses            Value  │
│  Env        wolf_rabbit      Forwa…      1s  24%    policy_loss       0.016  │
│  Params            5.9K      Env         0s   3%    value_loss        0.324  │
│  Steps             1.2M      Copy        0s  19%    entropy           1.430  │
│  SPS             188.3K      Misc        0s   0%    old_approx_kl     0.003  │
│  Epoch               19    Train         1s  52%    approx_kl         0.005  │
│  Uptime              9s      Forwa…      0s   3%    clipfrac          0.050  │
│  Remaini…           57s      Learn       0s  16%    importance        1.001  │
│                              Copy        0s   4%    explained_var…   -0.225  │
│                              Misc        0s  14%                             │
│                                                                              │
│  User Stats                    Value    User Stats                    Value  │
╰──────────────────────────────────────────────────────────────────────────────╯

  step=  1245184  eval_eaten= 0.00  trail_avg= 0.00
[0;0H╭──────────────────────────────────────────────────────────────────────────────╮
│  PufferLib 3.0 🐡               CPU:       GPU:     DRAM: 4.6%   VRAM: 7.3%  │
│                                274.5%      10.2%                             │
│                                                                              │
│  Summary          Value    Evaluate      1s  47%    Losses            Value  │
│  Env        wolf_rabbit      Forwa…      1s  24%    policy_loss       0.021  │
│  Params            5.9K      Env         0s   3%    value_loss        0.362  │
│  Steps             1.3M      Copy        0s  19%    entropy           1.379  │
│  SPS             178.8K      Misc        0s   0%    old_approx_kl     0.004  │
│  Epoch               20    Train         1s  52%    approx_kl         0.004  │
│  Uptime              9s      Forwa…      0s   3%    clipfrac          0.046  │
│  Remaini…           59s      Learn       0s  16%    importance        1.000  │
│                              Copy        0s   4%    explained_var…   -0.261  │
│                              Misc        0s  14%                             │
│                                                                              │
│  User Stats                    Value    User Stats                    Value  │
╰──────────────────────────────────────────────────────────────────────────────╯

  step=  1310720  eval_eaten= 0.00  trail_avg= 0.00
[0;0H╭──────────────────────────────────────────────────────────────────────────────╮
│  PufferLib 3.0          🐡      CPU:       GPU:     DRAM: 4.6%   VRAM: 7.4%  │
│                                279.2%      10.3%                             │
│                                                                              │
│  Summary          Value    Evaluate      1s  47%    Losses            Value  │
│  Env        wolf_rabbit      Forwa…      1s  24%    policy_loss       0.013  │
│  Params            5.9K      Env         0s   3%    value_loss        0.347  │
│  Steps             1.4M      Copy        0s  19%    entropy           1.345  │
│  SPS             182.3K      Misc        0s   0%    old_approx_kl     0.004  │
│  Epoch               21    Train         1s  52%    approx_kl         0.005  │
│  Uptime             10s      Forwa…      0s   3%    clipfrac          0.056  │
│  Remaini…           58s      Learn       0s  16%    importance        1.000  │
│                              Copy        0s   4%    explained_var…   -0.242  │
│                              Misc        0s  14%                             │
│                                                                              │
│  User Stats                    Value    User Stats                    Value  │
╰──────────────────────────────────────────────────────────────────────────────╯

  step=  1376256  eval_eaten= 0.00  trail_avg= 0.00
[0;0H╭──────────────────────────────────────────────────────────────────────────────╮
│  PufferLib 3.0         🐡       CPU:       GPU:     DRAM: 4.6%   VRAM: 7.4%  │
│                                279.2%      10.3%                             │
│                                                                              │
│  Summary          Value    Evaluate      1s  50%    Losses            Value  │
│  Env        wolf_rabbit      Forwa…      1s  28%    policy_loss       0.013  │
│  Params            5.9K      Env         0s   3%    value_loss        0.366  │
│  Steps             1.4M      Copy        0s  18%    entropy           1.322  │
│  SPS             186.4K      Misc        0s   0%    old_approx_kl     0.005  │
│  Epoch               22    Train         1s  49%    approx_kl         0.005  │
│  Uptime             10s      Forwa…      0s   3%    clipfrac          0.054  │
│  Remaini…           56s      Learn       0s  12%    importance        1.000  │
│                              Copy        0s   2%    explained_var…   -0.375  │
│                              Misc        0s  15%                             │
│                                                                              │
│  User Stats                    Value    User Stats                    Value  │
╰──────────────────────────────────────────────────────────────────────────────╯

  step=  1441792  eval_eaten= 0.00  trail_avg= 0.00
[0;0H╭──────────────────────────────────────────────────────────────────────────────╮
│  PufferLib 3.0        🐡        CPU:       GPU:     DRAM: 4.6%   VRAM: 7.4%  │
│                                279.2%      10.3%                             │
│                                                                              │
│  Summary          Value    Evaluate      1s  50%    Losses            Value  │
│  Env        wolf_rabbit      Forwa…      1s  28%    policy_loss       0.016  │
│  Params            5.9K      Env         0s   3%    value_loss        0.325  │
│  Steps             1.5M      Copy        0s  18%    entropy           1.295  │
│  SPS             198.8K      Misc        0s   0%    old_approx_kl     0.005  │
│  Epoch               23    Train         1s  49%    approx_kl         0.005  │
│  Uptime             10s      Forwa…      0s   3%    clipfrac          0.064  │
│  Remaini…           52s      Learn       0s  12%    importance        1.000  │
│                              Copy        0s   2%    explained_var…   -0.371  │
│                              Misc        0s  15%                             │
│                                                                              │
│  User Stats                    Value    User Stats                    Value  │
╰──────────────────────────────────────────────────────────────────────────────╯

  step=  1507328  eval_eaten= 0.00  trail_avg= 0.00
[0;0H╭──────────────────────────────────────────────────────────────────────────────╮
│  PufferLib 3.0       🐡         CPU:       GPU:     DRAM: 4.6%   VRAM: 7.5%  │
│                                282.3%      10.5%                             │
│                                                                              │
│  Summary          Value    Evaluate      1s  50%    Losses            Value  │
│  Env        wolf_rabbit      Forwa…      1s  28%    policy_loss       0.013  │
│  Params            5.9K      Env         0s   3%    value_loss        0.335  │
│  Steps             1.6M      Copy        0s  18%    entropy           1.272  │
│  SPS             178.3K      Misc        0s   0%    old_approx_kl     0.006  │
│  Epoch               24    Train         1s  49%    approx_kl         0.005  │
│  Uptime             11s      Forwa…      0s   3%    clipfrac          0.070  │
│  Remaini…           58s      Learn       0s  12%    importance        1.000  │
│                              Copy        0s   2%    explained_var…   -0.390  │
│                              Misc        0s  15%                             │
│                                                                              │
│  User Stats                    Value    User Stats                    Value  │
╰──────────────────────────────────────────────────────────────────────────────╯

  step=  1572864  eval_eaten= 0.00  trail_avg= 0.00
[0;0H╭──────────────────────────────────────────────────────────────────────────────╮
│  PufferLib 3.0      🐡          CPU:       GPU:     DRAM: 4.6%   VRAM: 7.5%  │
│                                282.3%      10.5%                             │
│                                                                              │
│  Summary          Value    Evaluate      1s  50%    Losses            Value  │
│  Env        wolf_rabbit      Forwa…      1s  28%    policy_loss       0.008  │
│  Params            5.9K      Env         0s   3%    value_loss        0.366  │
│  Steps             1.6M      Copy        0s  18%    entropy           1.239  │
│  SPS             168.9K      Misc        0s   0%    old_approx_kl     0.004  │
│  Epoch               25    Train         1s  49%    approx_kl         0.005  │
│  Uptime             11s      Forwa…      0s   3%    clipfrac          0.067  │
│  Remaini…         1m 1s      Learn       0s  12%    importance        1.000  │
│                              Copy        0s   2%    explained_var…   -0.391  │
│                              Misc        0s  15%                             │
│                                                                              │
│  User Stats                    Value    User Stats                    Value  │
╰──────────────────────────────────────────────────────────────────────────────╯

  step=  1638400  eval_eaten= 0.00  trail_avg= 0.00
[0;0H╭──────────────────────────────────────────────────────────────────────────────╮
│  PufferLib 3.0     🐡           CPU:       GPU:     DRAM: 4.6%   VRAM: 7.5%  │
│                                282.3%      10.5%                             │
│                                                                              │
│  Summary          Value    Evaluate      1s  50%    Losses            Value  │
│  Env        wolf_rabbit      Forwa…      1s  28%    policy_loss       0.008  │
│  Params            5.9K      Env         0s   3%    value_loss        0.346  │
│  Steps             1.7M      Copy        0s  18%    entropy           1.204  │
│  SPS             184.8K      Misc        0s   0%    old_approx_kl     0.004  │
│  Epoch               26    Train         1s  49%    approx_kl         0.004  │
│  Uptime             11s      Forwa…      0s   3%    clipfrac          0.051  │
│  Remaini…           55s      Learn       0s  12%    importance        1.001  │
│                              Copy        0s   2%    explained_var…   -0.461  │
│                              Misc        0s  15%                             │
│                                                                              │
│  User Stats                    Value    User Stats                    Value  │
╰──────────────────────────────────────────────────────────────────────────────╯

  step=  1703936  eval_eaten= 0.00  trail_avg= 0.00
[0;0H╭──────────────────────────────────────────────────────────────────────────────╮
│  PufferLib 3.0    🐡            CPU:       GPU:     DRAM: 4.7%   VRAM: 7.5%  │
│                                285.8%      10.6%                             │
│                                                                              │
│  Summary          Value    Evaluate      1s  46%    Losses            Value  │
│  Env        wolf_rabbit      Forwa…      1s  23%    policy_loss       0.010  │
│  Params            5.9K      Env         0s   3%    value_loss        0.382  │
│  Steps             1.8M      Copy        0s  18%    entropy           1.164  │
│  SPS             174.9K      Misc        0s   0%    old_approx_kl     0.002  │
│  Epoch               27    Train         1s  53%    approx_kl         0.003  │
│  Uptime             12s      Forwa…      0s   3%    clipfrac          0.019  │
│  Remaini…           58s      Learn       0s  52%    importance        1.000  │
│                              Copy        0s   2%    explained_var…   -0.529  │
│                              Misc        0s  15%                             │
│                                                                              │
│  User Stats                    Value    User Stats                    Value  │
╰──────────────────────────────────────────────────────────────────────────────╯

  step=  1769472  eval_eaten= 0.00  trail_avg= 0.00
[0;0H╭──────────────────────────────────────────────────────────────────────────────╮
│  PufferLib 3.0   🐡             CPU:       GPU:     DRAM: 4.7%   VRAM: 7.5%  │
│                                285.8%      10.6%                             │
│                                                                              │
│  Summary          Value    Evaluate      1s  46%    Losses            Value  │
│  Env        wolf_rabbit      Forwa…      1s  23%    policy_loss       0.008  │
│  Params            5.9K      Env         0s   3%    value_loss        0.358  │
│  Steps             1.8M      Copy        0s  18%    entropy           1.143  │
│  SPS             187.5K      Misc        0s   0%    old_approx_kl     0.002  │
│  Epoch               28    Train         1s  53%    approx_kl         0.003  │
│  Uptime             12s      Forwa…      0s   3%    clipfrac          0.022  │
│  Remaini…           54s      Learn       0s  52%    importance        1.000  │
│                              Copy        0s   2%    explained_var…   -0.546  │
│                              Misc        0s  15%                             │
│                                                                              │
│  User Stats                    Value    User Stats                    Value  │
╰──────────────────────────────────────────────────────────────────────────────╯

  step=  1835008  eval_eaten= 0.00  trail_avg= 0.00
[0;0H╭──────────────────────────────────────────────────────────────────────────────╮
│  PufferLib 3.0  🐡              CPU:       GPU:     DRAM: 4.7%   VRAM: 7.5%  │
│                                285.8%      10.6%                             │
│                                                                              │
│  Summary          Value    Evaluate      1s  46%    Losses            Value  │
│  Env        wolf_rabbit      Forwa…      1s  23%    policy_loss       0.004  │
│  Params            5.9K      Env         0s   3%    value_loss        0.335  │
│  Steps             1.9M      Copy        0s  18%    entropy           1.105  │
│  SPS             169.8K      Misc        0s   0%    old_approx_kl     0.003  │
│  Epoch               29    Train         1s  53%    approx_kl         0.004  │
│  Uptime             13s      Forwa…      0s   3%    clipfrac          0.030  │
│  Remaini…           59s      Learn       0s  52%    importance        1.000  │
│                              Copy        0s   2%    explained_var…   -0.505  │
│                              Misc        0s  15%                             │
│                                                                              │
│  User Stats                    Value    User Stats                    Value  │
╰──────────────────────────────────────────────────────────────────────────────╯

  step=  1900544  eval_eaten= 0.00  trail_avg= 0.00
[0;0H╭──────────────────────────────────────────────────────────────────────────────╮
│  PufferLib 3.0 🐡               CPU:       GPU:     DRAM: 4.7%   VRAM: 7.6%  │
│                                288.8%      10.7%                             │
│                                                                              │
│  Summary          Value    Evaluate      1s  46%    Losses            Value  │
│  Env        wolf_rabbit      Forwa…      1s  23%    policy_loss       0.012  │
│  Params            5.9K      Env         0s   3%    value_loss        0.319  │
│  Steps             2.0M      Copy        0s  18%    entropy           1.101  │
│  SPS             197.1K      Misc        0s   0%    old_approx_kl     0.004  │
│  Epoch               30    Train         1s  53%    approx_kl         0.004  │
│  Uptime             13s      Forwa…      0s   3%    clipfrac          0.046  │
│  Remaini…           50s      Learn       0s  52%    importance        1.000  │
│                              Copy        0s   2%    explained_var…   -0.487  │
│                              Misc        0s  15%                             │
│                                                                              │
│  User Stats                    Value    User Stats                    Value  │
╰──────────────────────────────────────────────────────────────────────────────╯

  step=  1966080  eval_eaten= 0.00  trail_avg= 0.00
[0;0H╭──────────────────────────────────────────────────────────────────────────────╮
│  PufferLib 3.0          🐡      CPU:       GPU:     DRAM: 4.7%   VRAM: 7.6%  │
│                                288.8%      10.7%                             │
│                                                                              │
│  Summary          Value    Evaluate      1s  46%    Losses            Value  │
│  Env        wolf_rabbit      Forwa…      1s  23%    policy_loss       0.005  │
│  Params            5.9K      Env         0s   3%    value_loss        0.332  │
│  Steps             2.0M      Copy        0s  18%    entropy           1.071  │
│  SPS             190.2K      Misc        0s   0%    old_approx_kl     0.003  │
│  Epoch               31    Train         1s  53%    approx_kl         0.004  │
│  Uptime             13s      Forwa…      0s   3%    clipfrac          0.033  │
│  Remaini…           52s      Learn       0s  52%    importance        1.001  │
│                              Copy        0s   2%    explained_var…   -0.535  │
│                              Misc        0s  15%                             │
│                                                                              │
│  User Stats                    Value    User Stats                    Value  │
╰──────────────────────────────────────────────────────────────────────────────╯

  step=  2031616  eval_eaten= 0.00  trail_avg= 0.00
[0;0H╭──────────────────────────────────────────────────────────────────────────────╮
│  PufferLib 3.0         🐡       CPU:       GPU:     DRAM: 4.7%   VRAM: 7.6%  │
│                                291.4%      10.8%                             │
│                                                                              │
│  Summary          Value    Evaluate      1s  39%    Losses            Value  │
│  Env        wolf_rabbit      Forwa…      1s  19%    policy_loss       0.008  │
│  Params            5.9K      Env         0s   3%    value_loss        0.312  │
│  Steps             2.1M      Copy        0s  16%    entropy           1.061  │
│  SPS             180.6K      Misc        0s   0%    old_approx_kl     0.003  │
│  Epoch               32    Train         1s  60%    approx_kl         0.003  │
│  Uptime             14s      Forwa…      0s   4%    clipfrac          0.034  │
│  Remaini…           54s      Learn       0s  49%    importance        1.000  │
│                              Copy        0s   7%    explained_var…   -0.515  │
│                              Misc        0s  17%                             │
│                                                                              │
│  User Stats                    Value    User Stats                    Value  │
╰──────────────────────────────────────────────────────────────────────────────╯

  step=  2097152  eval_eaten= 0.00  trail_avg= 0.00
[0;0H╭──────────────────────────────────────────────────────────────────────────────╮
│  PufferLib 3.0        🐡        CPU:       GPU:     DRAM: 4.7%   VRAM: 7.6%  │
│                                291.4%      10.8%                             │
│                                                                              │
│  Summary          Value    Evaluate      1s  39%    Losses            Value  │
│  Env        wolf_rabbit      Forwa…      1s  19%    policy_loss       0.008  │
│  Params            5.9K      Env         0s   3%    value_loss        0.292  │
│  Steps             2.2M      Copy        0s  16%    entropy           1.036  │
│  SPS             197.2K      Misc        0s   0%    old_approx_kl     0.003  │
│  Epoch               33    Train         1s  60%    approx_kl         0.003  │
│  Uptime             14s      Forwa…      0s   4%    clipfrac          0.029  │
│  Remaini…           49s      Learn       0s  49%    importance        1.000  │
│                              Copy        0s   7%    explained_var…   -0.464  │
│                              Misc        0s  17%                             │
│                                                                              │
│  User Stats                    Value    User Stats                    Value  │
╰──────────────────────────────────────────────────────────────────────────────╯

  step=  2162688  eval_eaten= 0.00  trail_avg= 0.00
[0;0H╭──────────────────────────────────────────────────────────────────────────────╮
│  PufferLib 3.0       🐡         CPU:       GPU:     DRAM: 4.7%   VRAM: 7.6%  │
│                                291.4%      10.8%                             │
│                                                                              │
│  Summary          Value    Evaluate      1s  39%    Losses            Value  │
│  Env        wolf_rabbit      Forwa…      1s  19%    policy_loss       0.011  │
│  Params            5.9K      Env         0s   3%    value_loss        0.266  │
│  Steps             2.2M      Copy        0s  16%    entropy           1.026  │
│  SPS             202.5K      Misc        0s   0%    old_approx_kl     0.004  │
│  Epoch               34    Train         1s  60%    approx_kl         0.004  │
│  Uptime             14s      Forwa…      0s   4%    clipfrac          0.052  │
│  Remaini…           48s      Learn       0s  49%    importance        1.000  │
│                              Copy        0s   7%    explained_var…   -0.489  │
│                              Misc        0s  17%                             │
│                                                                              │
│  User Stats                    Value    User Stats                    Value  │
╰──────────────────────────────────────────────────────────────────────────────╯

  step=  2228224  eval_eaten= 0.00  trail_avg= 0.00
[0;0H╭──────────────────────────────────────────────────────────────────────────────╮
│  PufferLib 3.0      🐡          CPU:       GPU:     DRAM: 4.7%   VRAM: 7.6%  │
│                                295.3%      10.8%                             │
│                                                                              │
│  Summary          Value    Evaluate      1s  39%    Losses            Value  │
│  Env        wolf_rabbit      Forwa…      1s  19%    policy_loss       0.006  │
│  Params            5.9K      Env         0s   3%    value_loss        0.257  │
│  Steps             2.3M      Copy        0s  16%    entropy           1.010  │
│  SPS             172.3K      Misc        0s   0%    old_approx_kl     0.004  │
│  Epoch               35    Train         1s  60%    approx_kl         0.004  │
│  Uptime             15s      Forwa…      0s   4%    clipfrac          0.050  │
│  Remaini…           56s      Learn       0s  49%    importance        1.000  │
│                              Copy        0s   7%    explained_var…   -0.445  │
│                              Misc        0s  17%                             │
│                                                                              │
│  User Stats                    Value    User Stats                    Value  │
╰──────────────────────────────────────────────────────────────────────────────╯

  step=  2293760  eval_eaten= 0.00  trail_avg= 0.00
[0;0H╭──────────────────────────────────────────────────────────────────────────────╮
│  PufferLib 3.0     🐡           CPU:       GPU:     DRAM: 4.7%   VRAM: 7.6%  │
│                                295.3%      10.8%                             │
│                                                                              │
│  Summary          Value    Evaluate      1s  39%    Losses            Value  │
│  Env        wolf_rabbit      Forwa…      1s  19%    policy_loss       0.009  │
│  Params            5.9K      Env         0s   3%    value_loss        0.229  │
│  Steps             2.4M      Copy        0s  16%    entropy           0.993  │
│  SPS             202.6K      Misc        0s   0%    old_approx_kl     0.004  │
│  Epoch               36    Train         1s  60%    approx_kl         0.004  │
│  Uptime             15s      Forwa…      0s   4%    clipfrac          0.045  │
│  Remaini…           47s      Learn       0s  49%    importance        1.000  │
│                              Copy        0s   7%    explained_var…   -0.355  │
│                              Misc        0s  17%                             │
│                                                                              │
│  User Stats                    Value    User Stats                    Value  │
╰──────────────────────────────────────────────────────────────────────────────╯

  step=  2359296  eval_eaten= 0.00  trail_avg= 0.00
[0;0H╭──────────────────────────────────────────────────────────────────────────────╮
│  PufferLib 3.0    🐡            CPU:       GPU:     DRAM: 4.7%   VRAM: 7.6%  │
│                                295.3%      10.8%                             │
│                                                                              │
│  Summary          Value    Evaluate      1s  54%    Losses            Value  │
│  Env        wolf_rabbit      Forwa…      1s  27%    policy_loss       0.009  │
│  Params            5.9K      Env         0s   3%    value_loss        0.222  │
│  Steps             2.4M      Copy        0s  22%    entropy           0.982  │
│  SPS             193.4K      Misc        0s   0%    old_approx_kl     0.004  │
│  Epoch               37    Train         1s  45%    approx_kl         0.004  │
│  Uptime             15s      Forwa…      0s   4%    clipfrac          0.047  │
│  Remaini…           49s      Learn       0s  20%    importance        1.000  │
│                              Copy        0s   2%    explained_var…   -0.359  │
│                              Misc        0s  14%                             │
│                                                                              │
│  User Stats                    Value    User Stats                    Value  │
╰──────────────────────────────────────────────────────────────────────────────╯

  step=  2424832  eval_eaten= 0.00  trail_avg= 0.00
  step=  2490368  eval_eaten= 0.00  trail_avg= 0.00
  step=  2555904  eval_eaten= 0.00  trail_avg= 0.00
  step=  2621440  eval_eaten= 0.00  trail_avg= 0.00
  step=  2686976  eval_eaten= 0.00  trail_avg= 0.00
[0;0H╭──────────────────────────────────────────────────────────────────────────────╮
│  PufferLib 3.0   🐡             CPU:       GPU:     DRAM: 4.8%   VRAM: 7.7%  │
│                                300.8%      11.0%                             │
│                                                                              │
│  Summary          Value    Evaluate      1s  54%    Losses            Value  │
│  Env        wolf_rabbit      Forwa…      1s  27%    policy_loss       0.007  │
│  Params            5.9K      Env         0s   3%    value_loss        0.171  │
│  Steps             2.8M      Copy        0s  22%    entropy           0.900  │
│  SPS               1.0M      Misc        0s   0%    old_approx_kl     0.003  │
│  Epoch               42    Train         1s  45%    approx_kl         0.003  │
│  Uptime             16s      Forwa…      0s   4%    clipfrac          0.033  │
│  Remaini…            8s      Learn       0s  20%    importance        1.000  │
│                              Copy        0s   2%    explained_var…   -0.172  │
│                              Misc        0s  14%                             │
│                                                                              │
│  User Stats                    Value    User Stats                    Value  │
╰──────────────────────────────────────────────────────────────────────────────╯

  step=  2752512  eval_eaten= 0.00  trail_avg= 0.00
[0;0H╭──────────────────────────────────────────────────────────────────────────────╮
│  PufferLib 3.0  🐡              CPU:       GPU:     DRAM: 4.8%   VRAM: 7.7%  │
│                                301.7%      11.1%                             │
│                                                                              │
│  Summary          Value    Evaluate      1s  49%    Losses            Value  │
│  Env        wolf_rabbit      Forwa…      1s  27%    policy_loss       0.012  │
│  Params            5.9K      Env         0s   3%    value_loss        0.165  │
│  Steps             2.8M      Copy        0s  18%    entropy           0.889  │
│  SPS             166.9K      Misc        0s   0%    old_approx_kl     0.003  │
│  Epoch               43    Train         1s  50%    approx_kl         0.003  │
│  Uptime             16s      Forwa…      0s   3%    clipfrac          0.029  │
│  Remaini…           55s      Learn       0s  19%    importance        1.001  │
│                              Copy        0s   3%    explained_var…   -0.147  │
│                              Misc        0s  11%                             │
│                                                                              │
│  User Stats                    Value    User Stats                    Value  │
╰──────────────────────────────────────────────────────────────────────────────╯

  step=  2818048  eval_eaten= 0.00  trail_avg= 0.00
[0;0H╭──────────────────────────────────────────────────────────────────────────────╮
│  PufferLib 3.0 🐡               CPU:       GPU:     DRAM: 4.8%   VRAM: 7.7%  │
│                                301.7%      11.1%                             │
│                                                                              │
│  Summary          Value    Evaluate      1s  49%    Losses            Value  │
│  Env        wolf_rabbit      Forwa…      1s  27%    policy_loss       0.008  │
│  Params            5.9K      Env         0s   3%    value_loss        0.161  │
│  Steps             2.9M      Copy        0s  18%    entropy           0.873  │
│  SPS             153.4K      Misc        0s   0%    old_approx_kl     0.003  │
│  Epoch               44    Train         1s  50%    approx_kl         0.003  │
│  Uptime             16s      Forwa…      0s   3%    clipfrac          0.035  │
│  Remaini…           59s      Learn       0s  19%    importance        1.000  │
│                              Copy        0s   3%    explained_var…   -0.107  │
│                              Misc        0s  11%                             │
│                                                                              │
│  User Stats                    Value    User Stats                    Value  │
╰──────────────────────────────────────────────────────────────────────────────╯

  step=  2883584  eval_eaten= 0.00  trail_avg= 0.00
[0;0H╭──────────────────────────────────────────────────────────────────────────────╮
│  PufferLib 3.0          🐡      CPU:       GPU:     DRAM: 5.0%   VRAM: 8.1%  │
│                                318.4%      11.6%                             │
│                                                                              │
│  Summary          Value    Evaluate      1s  49%    Losses            Value  │
│  Env        wolf_rabbit      Forwa…      1s  27%    policy_loss       0.010  │
│  Params            5.9K      Env         0s   3%    value_loss        0.157  │
│  Steps             2.9M      Copy        0s  18%    entropy           0.869  │
│  SPS             143.9K      Misc        0s   0%    old_approx_kl     0.002  │
│  Epoch               45    Train         1s  50%    approx_kl         0.002  │
│  Uptime             17s      Forwa…      0s   3%    clipfrac          0.019  │
│  Remaini…         1m 2s      Learn       0s  19%    importance        1.000  │
│                              Copy        0s   3%    explained_var…   -0.062  │
│                              Misc        0s  11%                             │
│                                                                              │
│  User Stats                    Value    User Stats                    Value  │
╰──────────────────────────────────────────────────────────────────────────────╯

  step=  2949120  eval_eaten= 0.00  trail_avg= 0.00
[0;0H╭──────────────────────────────────────────────────────────────────────────────╮
│  PufferLib 3.0         🐡       CPU:       GPU:     DRAM: 5.0%   VRAM: 8.1%  │
│                                318.4%      11.6%                             │
│                                                                              │
│  Summary          Value    Evaluate      1s  49%    Losses            Value  │
│  Env        wolf_rabbit      Forwa…      1s  27%    policy_loss       0.003  │
│  Params            5.9K      Env         0s   3%    value_loss        0.147  │
│  Steps             3.0M      Copy        0s  18%    entropy           0.857  │
│  SPS             185.8K      Misc        0s   0%    old_approx_kl     0.004  │
│  Epoch               46    Train         1s  50%    approx_kl         0.003  │
│  Uptime             17s      Forwa…      0s   3%    clipfrac          0.030  │
│  Remaini…           48s      Learn       0s  19%    importance        1.000  │
│                              Copy        0s   3%    explained_var…   -0.005  │
│                              Misc        0s  11%                             │
│                                                                              │
│  User Stats                    Value    User Stats                    Value  │
╰──────────────────────────────────────────────────────────────────────────────╯

  step=  3014656  eval_eaten= 0.00  trail_avg= 0.00
[0;0H╭──────────────────────────────────────────────────────────────────────────────╮
│  PufferLib 3.0        🐡        CPU:       GPU:     DRAM: 5.0%   VRAM: 8.1%  │
│                                318.4%      11.6%                             │
│                                                                              │
│  Summary          Value    Evaluate      1s  41%    Losses            Value  │
│  Env        wolf_rabbit      Forwa…      1s  19%    policy_loss       0.004  │
│  Params            5.9K      Env         0s   4%    value_loss        0.142  │
│  Steps             3.1M      Copy        0s  18%    entropy           0.839  │
│  SPS             187.4K      Misc        0s   0%    old_approx_kl     0.002  │
│  Epoch               47    Train         1s  58%    approx_kl         0.002  │
│  Uptime             18s      Forwa…      0s   7%    clipfrac          0.016  │
│  Remaini…           47s      Learn       0s  13%    importance        1.000  │
│                              Copy        0s   7%    explained_var…    0.006  │
│                              Misc        0s  20%                             │
│                                                                              │
│  User Stats                    Value    User Stats                    Value  │
╰──────────────────────────────────────────────────────────────────────────────╯

  step=  3080192  eval_eaten= 0.00  trail_avg= 0.00
[0;0H╭──────────────────────────────────────────────────────────────────────────────╮
│  PufferLib 3.0       🐡         CPU:       GPU:     DRAM: 5.0%   VRAM: 8.2%  │
│                                334.7%      12.0%                             │
│                                                                              │
│  Summary          Value    Evaluate      1s  41%    Losses            Value  │
│  Env        wolf_rabbit      Forwa…      1s  19%    policy_loss       0.003  │
│  Params            5.9K      Env         0s   4%    value_loss        0.124  │
│  Steps             3.1M      Copy        0s  18%    entropy           0.823  │
│  SPS             195.2K      Misc        0s   0%    old_approx_kl     0.003  │
│  Epoch               48    Train         1s  58%    approx_kl         0.002  │
│  Uptime             18s      Forwa…      0s   7%    clipfrac          0.019  │
│  Remaini…           45s      Learn       0s  13%    importance        1.000  │
│                              Copy        0s   7%    explained_var…    0.099  │
│                              Misc        0s  20%                             │
│                                                                              │
│  User Stats                    Value    User Stats                    Value  │
╰──────────────────────────────────────────────────────────────────────────────╯

  step=  3145728  eval_eaten= 0.00  trail_avg= 0.00
[0;0H╭──────────────────────────────────────────────────────────────────────────────╮
│  PufferLib 3.0      🐡          CPU:       GPU:     DRAM: 5.0%   VRAM: 8.2%  │
│                                334.7%      12.0%                             │
│                                                                              │
│  Summary          Value    Evaluate      1s  41%    Losses            Value  │
│  Env        wolf_rabbit      Forwa…      1s  19%    policy_loss       0.007  │
│  Params            5.9K      Env         0s   4%    value_loss        0.135  │
│  Steps             3.2M      Copy        0s  18%    entropy           0.817  │
│  SPS             188.3K      Misc        0s   0%    old_approx_kl     0.002  │
│  Epoch               49    Train         1s  58%    approx_kl         0.002  │
│  Uptime             18s      Forwa…      0s   7%    clipfrac          0.012  │
│  Remaini…           46s      Learn       0s  13%    importance        1.000  │
│                              Copy        0s   7%    explained_var…    0.115  │
│                              Misc        0s  20%                             │
│                                                                              │
│  User Stats                    Value    User Stats                    Value  │
╰──────────────────────────────────────────────────────────────────────────────╯

  step=  3211264  eval_eaten= 0.00  trail_avg= 0.00
[0;0H╭──────────────────────────────────────────────────────────────────────────────╮
│  PufferLib 3.0     🐡           CPU:       GPU:     DRAM: 5.0%   VRAM: 8.2%  │
│                                334.7%      12.0%                             │
│                                                                              │
│  Summary          Value    Evaluate      1s  41%    Losses            Value  │
│  Env        wolf_rabbit      Forwa…      1s  19%    policy_loss       0.002  │
│  Params            5.9K      Env         0s   4%    value_loss        0.119  │
│  Steps             3.3M      Copy        0s  18%    entropy           0.803  │
│  SPS             184.1K      Misc        0s   0%    old_approx_kl     0.003  │
│  Epoch               50    Train         1s  58%    approx_kl         0.002  │
│  Uptime             19s      Forwa…      0s   7%    clipfrac          0.020  │
│  Remaini…           47s      Learn       0s  13%    importance        1.000  │
│                              Copy        0s   7%    explained_var…    0.142  │
│                              Misc        0s  20%                             │
│                                                                              │
│  User Stats                    Value    User Stats                    Value  │
╰──────────────────────────────────────────────────────────────────────────────╯

  step=  3276800  eval_eaten= 0.00  trail_avg= 0.00
[0;0H╭──────────────────────────────────────────────────────────────────────────────╮
│  PufferLib 3.0    🐡            CPU:       GPU:     DRAM: 5.0%   VRAM: 8.2%  │
│                                333.5%      12.6%                             │
│                                                                              │
│  Summary          Value    Evaluate      1s  41%    Losses            Value  │
│  Env        wolf_rabbit      Forwa…      1s  19%    policy_loss       0.016  │
│  Params            5.9K      Env         0s   4%    value_loss        0.109  │
│  Steps             3.3M      Copy        0s  18%    entropy           0.788  │
│  SPS             174.7K      Misc        0s   0%    old_approx_kl     0.003  │
│  Epoch               51    Train         1s  58%    approx_kl         0.003  │
│  Uptime             19s      Forwa…      0s   7%    clipfrac          0.020  │
│  Remaini…           49s      Learn       0s  13%    importance        1.000  │
│                              Copy        0s   7%    explained_var…    0.212  │
│                              Misc        0s  20%                             │
│                                                                              │
│  User Stats                    Value    User Stats                    Value  │
╰──────────────────────────────────────────────────────────────────────────────╯

  step=  3342336  eval_eaten= 0.00  trail_avg= 0.00
[0;0H╭──────────────────────────────────────────────────────────────────────────────╮
│  PufferLib 3.0   🐡             CPU:       GPU:     DRAM: 5.0%   VRAM: 8.2%  │
│                                333.5%      12.6%                             │
│                                                                              │
│  Summary          Value    Evaluate      1s  47%    Losses            Value  │
│  Env        wolf_rabbit      Forwa…      1s  28%    policy_loss       0.005  │
│  Params            5.9K      Env         0s   3%    value_loss        0.108  │
│  Steps             3.4M      Copy        0s  16%    entropy           0.783  │
│  SPS             172.9K      Misc        0s   0%    old_approx_kl     0.003  │
│  Epoch               52    Train         1s  52%    approx_kl         0.003  │
│  Uptime             20s      Forwa…      0s   6%    clipfrac          0.021  │
│  Remaini…           49s      Learn       0s  44%    importance        1.000  │
│                              Copy        0s   5%    explained_var…    0.217  │
│                              Misc        0s  16%                             │
│                                                                              │
│  User Stats                    Value    User Stats                    Value  │
╰──────────────────────────────────────────────────────────────────────────────╯

  step=  3407872  eval_eaten= 0.00  trail_avg= 0.00
[0;0H╭──────────────────────────────────────────────────────────────────────────────╮
│  PufferLib 3.0  🐡              CPU:       GPU:     DRAM: 5.0%   VRAM: 8.2%  │
│                                333.5%      12.6%                             │
│                                                                              │
│  Summary          Value    Evaluate      1s  47%    Losses            Value  │
│  Env        wolf_rabbit      Forwa…      1s  28%    policy_loss       0.009  │
│  Params            5.9K      Env         0s   3%    value_loss        0.106  │
│  Steps             3.5M      Copy        0s  16%    entropy           0.766  │
│  SPS             178.8K      Misc        0s   0%    old_approx_kl     0.003  │
│  Epoch               53    Train         1s  52%    approx_kl         0.003  │
│  Uptime             20s      Forwa…      0s   6%    clipfrac          0.024  │
│  Remaini…           47s      Learn       0s  44%    importance        1.000  │
│                              Copy        0s   5%    explained_var…    0.241  │
│                              Misc        0s  16%                             │
│                                                                              │
│  User Stats                    Value    User Stats                    Value  │
╰──────────────────────────────────────────────────────────────────────────────╯

  step=  3473408  eval_eaten= 0.00  trail_avg= 0.00
[0;0H╭──────────────────────────────────────────────────────────────────────────────╮
│  PufferLib 3.0 🐡               CPU:       GPU:     DRAM: 5.0%   VRAM: 8.2%  │
│                                334.2%      12.9%                             │
│                                                                              │
│  Summary          Value    Evaluate      1s  47%    Losses            Value  │
│  Env        wolf_rabbit      Forwa…      1s  28%    policy_loss       0.005  │
│  Params            5.9K      Env         0s   3%    value_loss        0.101  │
│  Steps             3.5M      Copy        0s  16%    entropy           0.755  │
│  SPS             156.0K      Misc        0s   0%    old_approx_kl     0.003  │
│  Epoch               54    Train         1s  52%    approx_kl         0.003  │
│  Uptime             20s      Forwa…      0s   6%    clipfrac          0.032  │
│  Remaini…           54s      Learn       0s  44%    importance        1.000  │
│                              Copy        0s   5%    explained_var…    0.289  │
│                              Misc        0s  16%                             │
│                                                                              │
│  User Stats                    Value    User Stats                    Value  │
╰──────────────────────────────────────────────────────────────────────────────╯

  step=  3538944  eval_eaten= 0.00  trail_avg= 0.00
[0;0H╭──────────────────────────────────────────────────────────────────────────────╮
│  PufferLib 3.0          🐡      CPU:       GPU:     DRAM: 5.0%   VRAM: 8.2%  │
│                                334.2%      12.9%                             │
│                                                                              │
│  Summary          Value    Evaluate      1s  47%    Losses            Value  │
│  Env        wolf_rabbit      Forwa…      1s  28%    policy_loss       0.001  │
│  Params            5.9K      Env         0s   3%    value_loss        0.098  │
│  Steps             3.6M      Copy        0s  16%    entropy           0.743  │
│  SPS             175.5K      Misc        0s   0%    old_approx_kl     0.003  │
│  Epoch               55    Train         1s  52%    approx_kl         0.003  │
│  Uptime             21s      Forwa…      0s   6%    clipfrac          0.030  │
│  Remaini…           47s      Learn       0s  44%    importance        1.000  │
│                              Copy        0s   5%    explained_var…    0.276  │
│                              Misc        0s  16%                             │
│                                                                              │
│  User Stats                    Value    User Stats                    Value  │
╰──────────────────────────────────────────────────────────────────────────────╯

  step=  3604480  eval_eaten= 0.00  trail_avg= 0.00
[0;0H╭──────────────────────────────────────────────────────────────────────────────╮
│  PufferLib 3.0         🐡       CPU:       GPU:     DRAM: 5.0%   VRAM: 8.2%  │
│                                334.2%      12.8%                             │
│                                                                              │
│  Summary          Value    Evaluate      1s  47%    Losses            Value  │
│  Env        wolf_rabbit      Forwa…      1s  28%    policy_loss       0.008  │
│  Params            5.9K      Env         0s   3%    value_loss        0.096  │
│  Steps             3.7M      Copy        0s  16%    entropy           0.736  │
│  SPS             176.2K      Misc        0s   0%    old_approx_kl     0.003  │
│  Epoch               56    Train         1s  52%    approx_kl         0.003  │
│  Uptime             21s      Forwa…      0s   6%    clipfrac          0.036  │
│  Remaini…           47s      Learn       0s  44%    importance        1.000  │
│                              Copy        0s   5%    explained_var…    0.326  │
│                              Misc        0s  16%                             │
│                                                                              │
│  User Stats                    Value    User Stats                    Value  │
╰──────────────────────────────────────────────────────────────────────────────╯

  step=  3670016  eval_eaten= 0.00  trail_avg= 0.00
[0;0H╭──────────────────────────────────────────────────────────────────────────────╮
│  PufferLib 3.0        🐡        CPU:       GPU:     DRAM: 5.0%   VRAM: 8.2%  │
│                                334.2%      12.8%                             │
│                                                                              │
│  Summary          Value    Evaluate      1s  45%    Losses            Value  │
│  Env        wolf_rabbit      Forwa…      1s  24%    policy_loss       0.001  │
│  Params            5.9K      Env         0s   3%    value_loss        0.094  │
│  Steps             3.7M      Copy        0s  17%    entropy           0.725  │
│  SPS             174.5K      Misc        0s   0%    old_approx_kl     0.003  │
│  Epoch               57    Train         1s  54%    approx_kl         0.003  │
│  Uptime             21s      Forwa…      0s   6%    clipfrac          0.035  │
│  Remaini…           47s      Learn       0s  13%    importance        1.000  │
│                              Copy        0s   5%    explained_var…    0.335  │
│                              Misc        0s  24%                             │
│                                                                              │
│  User Stats                    Value    User Stats                    Value  │
╰──────────────────────────────────────────────────────────────────────────────╯

  step=  3735552  eval_eaten= 0.00  trail_avg= 0.00
[0;0H╭──────────────────────────────────────────────────────────────────────────────╮
│  PufferLib 3.0       🐡         CPU:       GPU:     DRAM: 5.0%   VRAM: 8.2%  │
│                                334.2%      12.8%                             │
│                                                                              │
│  Summary          Value    Evaluate      1s  45%    Losses            Value  │
│  Env        wolf_rabbit      Forwa…      1s  24%    policy_loss       0.014  │
│  Params            5.9K      Env         0s   3%    value_loss        0.088  │
│  Steps             3.8M      Copy        0s  17%    entropy           0.712  │
│  SPS             164.6K      Misc        0s   0%    old_approx_kl     0.003  │
│  Epoch               58    Train         1s  54%    approx_kl         0.003  │
│  Uptime             22s      Forwa…      0s   6%    clipfrac          0.023  │
│  Remaini…           49s      Learn       0s  13%    importance        1.000  │
│                              Copy        0s   5%    explained_var…    0.353  │
│                              Misc        0s  24%                             │
│                                                                              │
│  User Stats                    Value    User Stats                    Value  │
╰──────────────────────────────────────────────────────────────────────────────╯

  step=  3801088  eval_eaten= 0.00  trail_avg= 0.00
[0;0H╭──────────────────────────────────────────────────────────────────────────────╮
│  PufferLib 3.0      🐡          CPU:       GPU:     DRAM: 5.0%   VRAM: 8.2%  │
│                                333.9%      12.8%                             │
│                                                                              │
│  Summary          Value    Evaluate      1s  45%    Losses            Value  │
│  Env        wolf_rabbit      Forwa…      1s  24%    policy_loss       0.002  │
│  Params            5.9K      Env         0s   3%    value_loss        0.083  │
│  Steps             3.9M      Copy        0s  17%    entropy           0.708  │
│  SPS             171.4K      Misc        0s   0%    old_approx_kl     0.003  │
│  Epoch               59    Train         1s  54%    approx_kl         0.003  │
│  Uptime             22s      Forwa…      0s   6%    clipfrac          0.034  │
│  Remaini…           47s      Learn       0s  13%    importance        1.001  │
│                              Copy        0s   5%    explained_var…    0.366  │
│                              Misc        0s  24%                             │
│                                                                              │
│  User Stats                    Value    User Stats                    Value  │
╰──────────────────────────────────────────────────────────────────────────────╯

  step=  3866624  eval_eaten= 0.00  trail_avg= 0.00
[0;0H╭──────────────────────────────────────────────────────────────────────────────╮
│  PufferLib 3.0     🐡           CPU:       GPU:     DRAM: 5.0%   VRAM: 8.2%  │
│                                333.9%      12.8%                             │
│                                                                              │
│  Summary          Value    Evaluate      1s  45%    Losses            Value  │
│  Env        wolf_rabbit      Forwa…      1s  24%    policy_loss       0.012  │
│  Params            5.9K      Env         0s   3%    value_loss        0.081  │
│  Steps             3.9M      Copy        0s  17%    entropy           0.697  │
│  SPS             183.8K      Misc        0s   0%    old_approx_kl     0.003  │
│  Epoch               60    Train         1s  54%    approx_kl         0.003  │
│  Uptime             23s      Forwa…      0s   6%    clipfrac          0.044  │
│  Remaini…           43s      Learn       0s  13%    importance        1.000  │
│                              Copy        0s   5%    explained_var…    0.394  │
│                              Misc        0s  24%                             │
│                                                                              │
│  User Stats                    Value    User Stats                    Value  │
╰──────────────────────────────────────────────────────────────────────────────╯

  step=  3932160  eval_eaten= 0.00  trail_avg= 0.00
[0;0H╭──────────────────────────────────────────────────────────────────────────────╮
│  PufferLib 3.0    🐡            CPU:       GPU:     DRAM: 5.0%   VRAM: 8.2%  │
│                                335.0%      12.8%                             │
│                                                                              │
│  Summary          Value    Evaluate      1s  45%    Losses            Value  │
│  Env        wolf_rabbit      Forwa…      1s  24%    policy_loss       0.014  │
│  Params            5.9K      Env         0s   3%    value_loss        0.077  │
│  Steps             4.0M      Copy        0s  17%    entropy           0.690  │
│  SPS             196.6K      Misc        0s   0%    old_approx_kl     0.004  │
│  Epoch               61    Train         1s  54%    approx_kl         0.004  │
│  Uptime             23s      Forwa…      0s   6%    clipfrac          0.047  │
│  Remaini…           40s      Learn       0s  13%    importance        1.000  │
│                              Copy        0s   5%    explained_var…    0.415  │
│                              Misc        0s  24%                             │
│                                                                              │
│  User Stats                    Value    User Stats                    Value  │
╰──────────────────────────────────────────────────────────────────────────────╯

  step=  3997696  eval_eaten= 0.00  trail_avg= 0.00
[0;0H╭──────────────────────────────────────────────────────────────────────────────╮
│  PufferLib 3.0   🐡             CPU:       GPU:     DRAM: 5.0%   VRAM: 8.2%  │
│                                335.0%      12.8%                             │
│                                                                              │
│  Summary          Value    Evaluate      1s  45%    Losses            Value  │
│  Env        wolf_rabbit      Forwa…      1s  21%    policy_loss       0.012  │
│  Params            5.9K      Env         0s   4%    value_loss        0.078  │
│  Steps             4.1M      Copy        0s  19%    entropy           0.684  │
│  SPS             192.0K      Misc        0s   0%    old_approx_kl     0.003  │
│  Epoch               62    Train         1s  54%    approx_kl         0.003  │
│  Uptime             23s      Forwa…      0s   4%    clipfrac          0.028  │
│  Remaini…           41s      Learn       0s  15%    importance        1.000  │
│                              Copy        0s   4%    explained_var…    0.433  │
│                              Misc        0s  19%                             │
│                                                                              │
│  User Stats                    Value    User Stats                    Value  │
╰──────────────────────────────────────────────────────────────────────────────╯

  step=  4063232  eval_eaten= 0.00  trail_avg= 0.00

=== Stage 1: arena 6x6 (map_half=3.0) ===
[0;0H╭──────────────────────────────────────────────────────────────────────────────╮
│  PufferLib 3.0  🐡              CPU:       GPU:     DRAM: 5.0%   VRAM: 8.2%  │
│                                335.0%      12.8%                             │
│                                                                              │
│  Summary          Value    Evaluate      1s  45%    Losses            Value  │
│  Env        wolf_rabbit      Forwa…      1s  21%    policy_loss      -0.091  │
│  Params            5.9K      Env         0s   4%    value_loss        0.074  │
│  Steps             4.1M      Copy        0s  19%    entropy           0.899  │
│  SPS             180.6K      Misc        0s   0%    old_approx_kl     0.005  │
│  Epoch               63    Train         1s  54%    approx_kl         0.005  │
│  Uptime             24s      Forwa…      0s   4%    clipfrac          0.054  │
│  Remaini…           43s      Learn       0s  15%    importance        1.000  │
│                              Copy        0s   4%    explained_var…    0.525  │
│                              Misc        0s  19%                             │
│                                                                              │
│  User Stats                    Value    User Stats                    Value  │
╰──────────────────────────────────────────────────────────────────────────────╯

  step=  4128768  eval_eaten= 0.00  trail_avg= 0.00
[0;0H╭──────────────────────────────────────────────────────────────────────────────╮
│  PufferLib 3.0 🐡               CPU:       GPU:     DRAM: 5.0%   VRAM: 8.2%  │
│                                335.3%      13.0%                             │
│                                                                              │
│  Summary          Value    Evaluate      1s  45%    Losses            Value  │
│  Env        wolf_rabbit      Forwa…      1s  21%    policy_loss      -0.088  │
│  Params            5.9K      Env         0s   4%    value_loss        0.062  │
│  Steps             4.2M      Copy        0s  19%    entropy           0.759  │
│  SPS             200.9K      Misc        0s   0%    old_approx_kl     0.005  │
│  Epoch               64    Train         1s  54%    approx_kl         0.006  │
│  Uptime             24s      Forwa…      0s   4%    clipfrac          0.074  │
│  Remaini…           38s      Learn       0s  15%    importance        1.000  │
│                              Copy        0s   4%    explained_var…    0.682  │
│                              Misc        0s  19%                             │
│                                                                              │
│  User Stats                    Value    User Stats                    Value  │
╰──────────────────────────────────────────────────────────────────────────────╯

  step=  4194304  eval_eaten= 0.00  trail_avg= 0.00
[0;0H╭──────────────────────────────────────────────────────────────────────────────╮
│  PufferLib 3.0          🐡      CPU:       GPU:     DRAM: 5.0%   VRAM: 8.2%  │
│                                335.3%      13.0%                             │
│                                                                              │
│  Summary          Value    Evaluate      1s  45%    Losses            Value  │
│  Env        wolf_rabbit      Forwa…      1s  21%    policy_loss      -0.083  │
│  Params            5.9K      Env         0s   4%    value_loss        0.059  │
│  Steps             4.3M      Copy        0s  19%    entropy           0.765  │
│  SPS             192.8K      Misc        0s   0%    old_approx_kl     0.010  │
│  Epoch               65    Train         1s  54%    approx_kl         0.010  │
│  Uptime             24s      Forwa…      0s   4%    clipfrac          0.120  │
│  Remaini…           40s      Learn       0s  15%    importance        1.000  │
│                              Copy        0s   4%    explained_var…    0.656  │
│                              Misc        0s  19%                             │
│                                                                              │
│  User Stats                    Value    User Stats                    Value  │
╰──────────────────────────────────────────────────────────────────────────────╯

  step=  4259840  eval_eaten= 0.00  trail_avg= 0.00
[0;0H╭──────────────────────────────────────────────────────────────────────────────╮
│  PufferLib 3.0         🐡       CPU:       GPU:     DRAM: 5.0%   VRAM: 8.2%  │
│                                335.3%      13.0%                             │
│                                                                              │
│  Summary          Value    Evaluate      2s  45%    Losses            Value  │
│  Env        wolf_rabbit      Forwa…      1s  21%    policy_loss      -0.090  │
│  Params            5.9K      Env         0s   4%    value_loss        0.062  │
│  Steps             4.3M      Copy        0s  19%    entropy           0.775  │
│  SPS             174.9K      Misc        0s   0%    old_approx_kl     0.006  │
│  Epoch               66    Train         1s  54%    approx_kl         0.006  │
│  Uptime             25s      Forwa…      0s   4%    clipfrac          0.073  │
│  Remaini…           43s      Learn       0s  15%    importance        1.000  │
│                              Copy        0s   4%    explained_var…    0.645  │
│                              Misc        0s  19%                             │
│                                                                              │
│  User Stats                    Value    User Stats                    Value  │
╰──────────────────────────────────────────────────────────────────────────────╯

  step=  4325376  eval_eaten= 0.00  trail_avg= 0.00
[0;0H╭──────────────────────────────────────────────────────────────────────────────╮
│  PufferLib 3.0        🐡        CPU:       GPU:     DRAM: 5.0%   VRAM: 8.2%  │
│                                336.1%      13.2%                             │
│                                                                              │
│  Summary          Value    Evaluate      2s  51%    Losses            Value  │
│  Env        wolf_rabbit      Forwa…      1s  28%    policy_loss      -0.080  │
│  Params            5.9K      Env         0s   3%    value_loss        0.051  │
│  Steps             4.4M      Copy        0s  18%    entropy           0.780  │
│  SPS             193.1K      Misc        0s   0%    old_approx_kl     0.006  │
│  Epoch               67    Train         1s  48%    approx_kl         0.005  │
│  Uptime             25s      Forwa…      0s   4%    clipfrac          0.057  │
│  Remaini…           39s      Learn       0s  23%    importance        0.999  │
│                              Copy        0s   4%    explained_var…    0.583  │
│                              Misc        0s  15%                             │
│                                                                              │
│  User Stats                    Value    User Stats                    Value  │
╰──────────────────────────────────────────────────────────────────────────────╯

  step=  4390912  eval_eaten= 0.00  trail_avg= 0.00
[0;0H╭──────────────────────────────────────────────────────────────────────────────╮
│  PufferLib 3.0       🐡         CPU:       GPU:     DRAM: 5.0%   VRAM: 8.2%  │
│                                336.1%      13.2%                             │
│                                                                              │
│  Summary          Value    Evaluate      2s  51%    Losses            Value  │
│  Env        wolf_rabbit      Forwa…      1s  28%    policy_loss      -0.066  │
│  Params            5.9K      Env         0s   3%    value_loss        0.047  │
│  Steps             4.5M      Copy        0s  18%    entropy           0.767  │
│  SPS             191.0K      Misc        0s   0%    old_approx_kl     0.005  │
│  Epoch               68    Train         1s  48%    approx_kl         0.005  │
│  Uptime             25s      Forwa…      0s   4%    clipfrac          0.065  │
│  Remaini…           39s      Learn       0s  23%    importance        1.000  │
│                              Copy        0s   4%    explained_var…    0.568  │
│                              Misc        0s  15%                             │
│                                                                              │
│  User Stats                    Value    User Stats                    Value  │
╰──────────────────────────────────────────────────────────────────────────────╯

  step=  4456448  eval_eaten= 0.00  trail_avg= 0.00
[0;0H╭──────────────────────────────────────────────────────────────────────────────╮
│  PufferLib 3.0      🐡          CPU:       GPU:     DRAM: 5.0%   VRAM: 8.2%  │
│                                336.1%      13.2%                             │
│                                                                              │
│  Summary          Value    Evaluate      2s  51%    Losses            Value  │
│  Env        wolf_rabbit      Forwa…      1s  28%    policy_loss      -0.057  │
│  Params            5.9K      Env         0s   3%    value_loss        0.041  │
│  Steps             4.5M      Copy        0s  18%    entropy           0.767  │
│  SPS             201.9K      Misc        0s   0%    old_approx_kl     0.004  │
│  Epoch               69    Train         1s  48%    approx_kl         0.004  │
│  Uptime             26s      Forwa…      0s   4%    clipfrac          0.042  │
│  Remaini…           37s      Learn       0s  23%    importance        1.000  │
│                              Copy        0s   4%    explained_var…    0.573  │
│                              Misc        0s  15%                             │
│                                                                              │
│  User Stats                    Value    User Stats                    Value  │
╰──────────────────────────────────────────────────────────────────────────────╯

  step=  4521984  eval_eaten= 0.00  trail_avg= 0.00
[0;0H╭──────────────────────────────────────────────────────────────────────────────╮
│  PufferLib 3.0     🐡           CPU:       GPU:     DRAM: 5.0%   VRAM: 8.2%  │
│                                342.2%      13.2%                             │
│                                                                              │
│  Summary          Value    Evaluate      2s  51%    Losses            Value  │
│  Env        wolf_rabbit      Forwa…      1s  28%    policy_loss      -0.047  │
│  Params            5.9K      Env         0s   3%    value_loss        0.042  │
│  Steps             4.6M      Copy        0s  18%    entropy           0.759  │
│  SPS             181.2K      Misc        0s   0%    old_approx_kl     0.003  │
│  Epoch               70    Train         1s  48%    approx_kl         0.004  │
│  Uptime             26s      Forwa…      0s   4%    clipfrac          0.043  │
│  Remaini…           40s      Learn       0s  23%    importance        1.000  │
│                              Copy        0s   4%    explained_var…    0.551  │
│                              Misc        0s  15%                             │
│                                                                              │
│  User Stats                    Value    User Stats                    Value  │
╰──────────────────────────────────────────────────────────────────────────────╯

  step=  4587520  eval_eaten= 0.00  trail_avg= 0.00
[0;0H╭──────────────────────────────────────────────────────────────────────────────╮
│  PufferLib 3.0    🐡            CPU:       GPU:     DRAM: 5.0%   VRAM: 8.2%  │
│                                342.2%      13.2%                             │
│                                                                              │
│  Summary          Value    Evaluate      2s  51%    Losses            Value  │
│  Env        wolf_rabbit      Forwa…      1s  28%    policy_loss      -0.051  │
│  Params            5.9K      Env         0s   3%    value_loss        0.037  │
│  Steps             4.7M      Copy        0s  18%    entropy           0.750  │
│  SPS             151.2K      Misc        0s   0%    old_approx_kl     0.004  │
│  Epoch               71    Train         2s  48%    approx_kl         0.004  │
│  Uptime             27s      Forwa…      0s   4%    clipfrac          0.043  │
│  Remaini…           48s      Learn       0s  23%    importance        1.000  │
│                              Copy        0s   4%    explained_var…    0.554  │
│                              Misc        0s  15%                             │
│                                                                              │
│  User Stats                    Value    User Stats                    Value  │
╰──────────────────────────────────────────────────────────────────────────────╯

  step=  4653056  eval_eaten= 0.00  trail_avg= 0.00
[0;0H╭──────────────────────────────────────────────────────────────────────────────╮
│  PufferLib 3.0   🐡             CPU:       GPU:     DRAM: 5.0%   VRAM: 8.2%  │
│                                345.0%      13.1%                             │
│                                                                              │
│  Summary          Value    Evaluate      2s  49%    Losses            Value  │
│  Env        wolf_rabbit      Forwa…      1s  30%    policy_loss      -0.051  │
│  Params            5.9K      Env         0s   2%    value_loss        0.043  │
│  Steps             4.7M      Copy        0s  16%    entropy           0.757  │
│  SPS             154.6K      Misc        0s   0%    old_approx_kl     0.003  │
│  Epoch               72    Train         2s  50%    approx_kl         0.003  │
│  Uptime             27s      Forwa…      0s   4%    clipfrac          0.033  │
│  Remaini…           47s      Learn       0s  40%    importance        1.000  │
│                              Copy        0s   4%    explained_var…    0.534  │
│                              Misc        0s  15%                             │
│                                                                              │
│  User Stats                    Value    User Stats                    Value  │
╰──────────────────────────────────────────────────────────────────────────────╯

  step=  4718592  eval_eaten= 0.00  trail_avg= 0.00
[0;0H╭──────────────────────────────────────────────────────────────────────────────╮
│  PufferLib 3.0  🐡              CPU:       GPU:     DRAM: 5.0%   VRAM: 8.2%  │
│                                345.0%      13.1%                             │
│                                                                              │
│  Summary          Value    Evaluate      2s  49%    Losses            Value  │
│  Env        wolf_rabbit      Forwa…      1s  30%    policy_loss      -0.042  │
│  Params            5.9K      Env         0s   2%    value_loss        0.040  │
│  Steps             4.8M      Copy        0s  16%    entropy           0.763  │
│  SPS             144.6K      Misc        0s   0%    old_approx_kl     0.003  │
│  Epoch               73    Train         2s  50%    approx_kl         0.003  │
│  Uptime             27s      Forwa…      0s   4%    clipfrac          0.034  │
│  Remaini…           49s      Learn       0s  40%    importance        1.000  │
│                              Copy        0s   4%    explained_var…    0.534  │
│                              Misc        0s  15%                             │
│                                                                              │
│  User Stats                    Value    User Stats                    Value  │
╰──────────────────────────────────────────────────────────────────────────────╯

  step=  4784128  eval_eaten= 0.00  trail_avg= 0.00
[0;0H╭──────────────────────────────────────────────────────────────────────────────╮
│  PufferLib 3.0 🐡               CPU:       GPU:     DRAM: 5.0%   VRAM: 8.2%  │
│                                345.0%      13.1%                             │
│                                                                              │
│  Summary          Value    Evaluate      2s  49%    Losses            Value  │
│  Env        wolf_rabbit      Forwa…      1s  30%    policy_loss      -0.032  │
│  Params            5.9K      Env         0s   2%    value_loss        0.041  │
│  Steps             4.8M      Copy        0s  16%    entropy           0.747  │
│  SPS             159.1K      Misc        0s   0%    old_approx_kl     0.003  │
│  Epoch               74    Train         2s  50%    approx_kl         0.003  │
│  Uptime             28s      Forwa…      0s   4%    clipfrac          0.041  │
│  Remaini…           44s      Learn       0s  40%    importance        1.000  │
│                              Copy        0s   4%    explained_var…    0.524  │
│                              Misc        0s  15%                             │
│                                                                              │
│  User Stats                    Value    User Stats                    Value  │
╰──────────────────────────────────────────────────────────────────────────────╯

  step=  4849664  eval_eaten= 0.00  trail_avg= 0.00
[0;0H╭──────────────────────────────────────────────────────────────────────────────╮
│  PufferLib 3.0          🐡      CPU:       GPU:     DRAM: 5.0%   VRAM: 8.2%  │
│                                345.1%      13.1%                             │
│                                                                              │
│  Summary          Value    Evaluate      2s  49%    Losses            Value  │
│  Env        wolf_rabbit      Forwa…      1s  30%    policy_loss      -0.045  │
│  Params            5.9K      Env         0s   2%    value_loss        0.043  │
│  Steps             4.9M      Copy        0s  16%    entropy           0.756  │
│  SPS             151.7K      Misc        0s   0%    old_approx_kl     0.003  │
│  Epoch               75    Train         2s  50%    approx_kl         0.003  │
│  Uptime             28s      Forwa…      0s   4%    clipfrac          0.031  │
│  Remaini…           46s      Learn       0s  40%    importance        1.000  │
│                              Copy        0s   4%    explained_var…    0.490  │
│                              Misc        0s  15%                             │
│                                                                              │
│  User Stats                    Value    User Stats                    Value  │
╰──────────────────────────────────────────────────────────────────────────────╯

  step=  4915200  eval_eaten= 0.00  trail_avg= 0.00
[0;0H╭──────────────────────────────────────────────────────────────────────────────╮
│  PufferLib 3.0         🐡       CPU:       GPU:     DRAM: 5.0%   VRAM: 8.2%  │
│                                345.1%      13.1%                             │
│                                                                              │
│  Summary          Value    Evaluate      2s  49%    Losses            Value  │
│  Env        wolf_rabbit      Forwa…      1s  30%    policy_loss      -0.034  │
│  Params            5.9K      Env         0s   2%    value_loss        0.039  │
│  Steps             5.0M      Copy        0s  16%    entropy           0.729  │
│  SPS             139.2K      Misc        0s   0%    old_approx_kl     0.004  │
│  Epoch               76    Train         2s  50%    approx_kl         0.003  │
│  Uptime             29s      Forwa…      0s   4%    clipfrac          0.040  │
│  Remaini…           50s      Learn       0s  40%    importance        1.000  │
│                              Copy        0s   4%    explained_var…    0.502  │
│                              Misc        0s  15%                             │
│                                                                              │
│  User Stats                    Value    User Stats                    Value  │
╰──────────────────────────────────────────────────────────────────────────────╯

  step=  4980736  eval_eaten= 0.00  trail_avg= 0.00
[0;0H╭──────────────────────────────────────────────────────────────────────────────╮
│  PufferLib 3.0        🐡        CPU:       GPU:     DRAM: 5.0%   VRAM: 8.2%  │
│                                344.4%      13.1%                             │
│                                                                              │
│  Summary          Value    Evaluate      2s  50%    Losses            Value  │
│  Env        wolf_rabbit      Forwa…      1s  30%    policy_loss      -0.006  │
│  Params            5.9K      Env         0s   2%    value_loss        0.034  │
│  Steps             5.0M      Copy        0s  17%    entropy           0.720  │
│  SPS             192.0K      Misc        0s   0%    old_approx_kl     0.004  │
│  Epoch               77    Train         2s  49%    approx_kl         0.004  │
│  Uptime             29s      Forwa…      0s   5%    clipfrac          0.045  │
│  Remaini…           36s      Learn       0s  34%    importance        1.000  │
│                              Copy        0s   7%    explained_var…    0.532  │
│                              Misc        0s  17%                             │
│                                                                              │
│  User Stats                    Value    User Stats                    Value  │
╰──────────────────────────────────────────────────────────────────────────────╯

  step=  5046272  eval_eaten= 0.00  trail_avg= 0.00
[0;0H╭──────────────────────────────────────────────────────────────────────────────╮
│  PufferLib 3.0       🐡         CPU:       GPU:     DRAM: 5.0%   VRAM: 8.2%  │
│                                344.4%      13.1%                             │
│                                                                              │
│  Summary          Value    Evaluate      2s  50%    Losses            Value  │
│  Env        wolf_rabbit      Forwa…      1s  30%    policy_loss      -0.018  │
│  Params            5.9K      Env         0s   2%    value_loss        0.036  │
│  Steps             5.1M      Copy        0s  17%    entropy           0.714  │
│  SPS             162.7K      Misc        0s   0%    old_approx_kl     0.003  │
│  Epoch               78    Train         2s  49%    approx_kl         0.003  │
│  Uptime             30s      Forwa…      0s   5%    clipfrac          0.038  │
│  Remaini…           42s      Learn       0s  34%    importance        1.000  │
│                              Copy        0s   7%    explained_var…    0.533  │
│                              Misc        0s  17%                             │
│                                                                              │
│  User Stats                    Value    User Stats                    Value  │
╰──────────────────────────────────────────────────────────────────────────────╯

  step=  5111808  eval_eaten= 0.00  trail_avg= 0.00
[0;0H╭──────────────────────────────────────────────────────────────────────────────╮
│  PufferLib 3.0      🐡          CPU:       GPU:     DRAM: 5.0%   VRAM: 8.2%  │
│                                344.4%      13.1%                             │
│                                                                              │
│  Summary          Value    Evaluate      2s  50%    Losses            Value  │
│  Env        wolf_rabbit      Forwa…      1s  30%    policy_loss      -0.013  │
│  Params            5.9K      Env         0s   2%    value_loss        0.039  │
│  Steps             5.2M      Copy        0s  17%    entropy           0.713  │
│  SPS             150.2K      Misc        0s   0%    old_approx_kl     0.002  │
│  Epoch               79    Train         2s  49%    approx_kl         0.003  │
│  Uptime             30s      Forwa…      0s   5%    clipfrac          0.027  │
│  Remaini…           45s      Learn       0s  34%    importance        1.000  │
│                              Copy        0s   7%    explained_var…    0.520  │
│                              Misc        0s  17%                             │
│                                                                              │
│  User Stats                    Value    User Stats                    Value  │
╰──────────────────────────────────────────────────────────────────────────────╯

  step=  5177344  eval_eaten= 0.00  trail_avg= 0.00
[0;0H╭──────────────────────────────────────────────────────────────────────────────╮
│  PufferLib 3.0     🐡           CPU:       GPU:     DRAM: 5.0%   VRAM: 8.2%  │
│                                344.4%      13.1%                             │
│                                                                              │
│  Summary          Value    Evaluate      2s  50%    Losses            Value  │
│  Env        wolf_rabbit      Forwa…      1s  30%    policy_loss      -0.021  │
│  Params            5.9K      Env         0s   2%    value_loss        0.038  │
│  Steps             5.2M      Copy        0s  17%    entropy           0.706  │
│  SPS             176.3K      Misc        0s   0%    old_approx_kl     0.003  │
│  Epoch               80    Train         2s  49%    approx_kl         0.003  │
│  Uptime             30s      Forwa…      0s   5%    clipfrac          0.029  │
│  Remaini…           38s      Learn       0s  34%    importance        0.999  │
│                              Copy        0s   7%    explained_var…    0.521  │
│                              Misc        0s  17%                             │
│                                                                              │
│  User Stats                    Value    User Stats                    Value  │
╰──────────────────────────────────────────────────────────────────────────────╯

  step=  5242880  eval_eaten= 0.00  trail_avg= 0.00
[0;0H╭──────────────────────────────────────────────────────────────────────────────╮
│  PufferLib 3.0    🐡            CPU:       GPU:     DRAM: 5.0%   VRAM: 8.2%  │
│                                344.4%      13.1%                             │
│                                                                              │
│  Summary          Value    Evaluate      2s  50%    Losses            Value  │
│  Env        wolf_rabbit      Forwa…      1s  30%    policy_loss      -0.025  │
│  Params            5.9K      Env         0s   2%    value_loss        0.039  │
│  Steps             5.3M      Copy        0s  17%    entropy           0.714  │
│  SPS             143.4K      Misc        0s   0%    old_approx_kl     0.003  │
│  Epoch               81    Train         2s  49%    approx_kl         0.002  │
│  Uptime             31s      Forwa…      0s   5%    clipfrac          0.025  │
│  Remaini…           46s      Learn       0s  34%    importance        1.000  │
│                              Copy        0s   7%    explained_var…    0.494  │
│                              Misc        0s  17%                             │
│                                                                              │
│  User Stats                    Value    User Stats                    Value  │
╰──────────────────────────────────────────────────────────────────────────────╯

  step=  5308416  eval_eaten= 0.00  trail_avg= 0.00
[0;0H╭──────────────────────────────────────────────────────────────────────────────╮
│  PufferLib 3.0   🐡             CPU:       GPU:     DRAM: 5.0%   VRAM: 8.2%  │
│                                344.3%      12.9%                             │
│                                                                              │
│  Summary          Value    Evaluate      2s  61%    Losses            Value  │
│  Env        wolf_rabbit      Forwa…      1s  39%    policy_loss      -0.003  │
│  Params            5.9K      Env         0s   2%    value_loss        0.037  │
│  Steps             5.4M      Copy        0s  18%    entropy           0.698  │
│  SPS             157.1K      Misc        0s   0%    old_approx_kl     0.002  │
│  Epoch               82    Train         2s  38%    approx_kl         0.002  │
│  Uptime             31s      Forwa…      0s   2%    clipfrac          0.019  │
│  Remaini…           42s      Learn       0s  17%    importance        1.000  │
│                              Copy        0s   2%    explained_var…    0.521  │
│                              Misc        0s  13%                             │
│                                                                              │
│  User Stats                    Value    User Stats                    Value  │
╰──────────────────────────────────────────────────────────────────────────────╯

  step=  5373952  eval_eaten= 0.00  trail_avg= 0.00
[0;0H╭──────────────────────────────────────────────────────────────────────────────╮
│  PufferLib 3.0  🐡              CPU:       GPU:     DRAM: 5.0%   VRAM: 8.2%  │
│                                344.3%      12.9%                             │
│                                                                              │
│  Summary          Value    Evaluate      2s  61%    Losses            Value  │
│  Env        wolf_rabbit      Forwa…      1s  39%    policy_loss      -0.017  │
│  Params            5.9K      Env         0s   2%    value_loss        0.038  │
│  Steps             5.4M      Copy        0s  18%    entropy           0.697  │
│  SPS             177.1K      Misc        0s   0%    old_approx_kl     0.003  │
│  Epoch               83    Train         2s  38%    approx_kl         0.002  │
│  Uptime             32s      Forwa…      0s   2%    clipfrac          0.026  │
│  Remaini…           37s      Learn       0s  17%    importance        1.000  │
│                              Copy        0s   2%    explained_var…    0.510  │
│                              Misc        0s  13%                             │
│                                                                              │
│  User Stats                    Value    User Stats                    Value  │
╰──────────────────────────────────────────────────────────────────────────────╯

  step=  5439488  eval_eaten= 0.00  trail_avg= 0.00
[0;0H╭──────────────────────────────────────────────────────────────────────────────╮
│  PufferLib 3.0 🐡               CPU:       GPU:     DRAM: 5.0%   VRAM: 8.2%  │
│                                345.8%      12.9%                             │
│                                                                              │
│  Summary          Value    Evaluate      2s  61%    Losses            Value  │
│  Env        wolf_rabbit      Forwa…      1s  39%    policy_loss       0.005  │
│  Params            5.9K      Env         0s   2%    value_loss        0.034  │
│  Steps             5.5M      Copy        0s  18%    entropy           0.686  │
│  SPS             187.4K      Misc        0s   0%    old_approx_kl     0.004  │
│  Epoch               84    Train         2s  38%    approx_kl         0.004  │
│  Uptime             32s      Forwa…      0s   2%    clipfrac          0.049  │
│  Remaini…           34s      Learn       0s  17%    importance        1.000  │
│                              Copy        0s   2%    explained_var…    0.565  │
│                              Misc        0s  13%                             │
│                                                                              │
│  User Stats                    Value    User Stats                    Value  │
╰──────────────────────────────────────────────────────────────────────────────╯

  step=  5505024  eval_eaten= 0.00  trail_avg= 0.00
[0;0H╭──────────────────────────────────────────────────────────────────────────────╮
│  PufferLib 3.0          🐡      CPU:       GPU:     DRAM: 5.0%   VRAM: 8.2%  │
│                                345.8%      12.9%                             │
│                                                                              │
│  Summary          Value    Evaluate      2s  61%    Losses            Value  │
│  Env        wolf_rabbit      Forwa…      1s  39%    policy_loss      -0.002  │
│  Params            5.9K      Env         0s   2%    value_loss        0.036  │
│  Steps             5.6M      Copy        0s  18%    entropy           0.691  │
│  SPS             190.2K      Misc        0s   0%    old_approx_kl     0.001  │
│  Epoch               85    Train         2s  38%    approx_kl         0.002  │
│  Uptime             32s      Forwa…      0s   2%    clipfrac          0.017  │
│  Remaini…           33s      Learn       0s  17%    importance        1.000  │
│                              Copy        0s   2%    explained_var…    0.512  │
│                              Misc        0s  13%                             │
│                                                                              │
│  User Stats                    Value    User Stats                    Value  │
╰──────────────────────────────────────────────────────────────────────────────╯

  step=  5570560  eval_eaten= 0.00  trail_avg= 0.00
[0;0H╭──────────────────────────────────────────────────────────────────────────────╮
│  PufferLib 3.0         🐡       CPU:       GPU:     DRAM: 5.0%   VRAM: 8.2%  │
│                                345.8%      12.9%                             │
│                                                                              │
│  Summary          Value    Evaluate      2s  61%    Losses            Value  │
│  Env        wolf_rabbit      Forwa…      1s  39%    policy_loss      -0.013  │
│  Params            5.9K      Env         0s   2%    value_loss        0.034  │
│  Steps             5.6M      Copy        0s  18%    entropy           0.677  │
│  SPS             182.4K      Misc        0s   0%    old_approx_kl     0.002  │
│  Epoch               86    Train         2s  38%    approx_kl         0.002  │
│  Uptime             33s      Forwa…      0s   2%    clipfrac          0.022  │
│  Remaini…           34s      Learn       0s  17%    importance        1.000  │
│                              Copy        0s   2%    explained_var…    0.536  │
│                              Misc        0s  13%                             │
│                                                                              │
│  User Stats                    Value    User Stats                    Value  │
╰──────────────────────────────────────────────────────────────────────────────╯

  step=  5636096  eval_eaten= 0.00  trail_avg= 0.00
[0;0H╭──────────────────────────────────────────────────────────────────────────────╮
│  PufferLib 3.0        🐡        CPU:       GPU:     DRAM: 5.1%   VRAM: 8.2%  │
│                                345.3%      12.9%                             │
│                                                                              │
│  Summary          Value    Evaluate      2s  60%    Losses            Value  │
│  Env        wolf_rabbit      Forwa…      1s  37%    policy_loss      -0.010  │
│  Params            5.9K      Env         0s   2%    value_loss        0.034  │
│  Steps             5.7M      Copy        0s  20%    entropy           0.673  │
│  SPS             160.8K      Misc        0s   0%    old_approx_kl     0.002  │
│  Epoch               87    Train         2s  39%    approx_kl         0.002  │
│  Uptime             33s      Forwa…      0s   5%    clipfrac          0.024  │
│  Remaini…           39s      Learn       0s  11%    importance        1.000  │
│                              Copy        0s   4%    explained_var…    0.545  │
│                              Misc        0s  14%                             │
│                                                                              │
│  User Stats                    Value    User Stats                    Value  │
╰──────────────────────────────────────────────────────────────────────────────╯

  step=  5701632  eval_eaten= 0.00  trail_avg= 0.00
[0;0H╭──────────────────────────────────────────────────────────────────────────────╮
│  PufferLib 3.0       🐡         CPU:       GPU:     DRAM: 5.1%   VRAM: 8.2%  │
│                                345.3%      12.9%                             │
│                                                                              │
│  Summary          Value    Evaluate      2s  60%    Losses            Value  │
│  Env        wolf_rabbit      Forwa…      1s  37%    policy_loss      -0.012  │
│  Params            5.9K      Env         0s   2%    value_loss        0.037  │
│  Steps             5.8M      Copy        0s  20%    entropy           0.682  │
│  SPS             153.1K      Misc        0s   0%    old_approx_kl     0.002  │
│  Epoch               88    Train         2s  39%    approx_kl         0.002  │
│  Uptime             34s      Forwa…      0s   5%    clipfrac          0.011  │
│  Remaini…           40s      Learn       0s  11%    importance        1.000  │
│                              Copy        0s   4%    explained_var…    0.530  │
│                              Misc        0s  14%                             │
│                                                                              │
│  User Stats                    Value    User Stats                    Value  │
╰──────────────────────────────────────────────────────────────────────────────╯

  step=  5767168  eval_eaten= 0.00  trail_avg= 0.00
[0;0H╭──────────────────────────────────────────────────────────────────────────────╮
│  PufferLib 3.0      🐡          CPU:       GPU:     DRAM: 5.1%   VRAM: 8.2%  │
│                                344.6%      12.8%                             │
│                                                                              │
│  Summary          Value    Evaluate      2s  60%    Losses            Value  │
│  Env        wolf_rabbit      Forwa…      1s  37%    policy_loss      -0.002  │
│  Params            5.9K      Env         0s   2%    value_loss        0.034  │
│  Steps             5.8M      Copy        0s  20%    entropy           0.667  │
│  SPS             147.5K      Misc        0s   0%    old_approx_kl     0.003  │
│  Epoch               89    Train         2s  39%    approx_kl         0.003  │
│  Uptime             34s      Forwa…      0s   5%    clipfrac          0.027  │
│  Remaini…           41s      Learn       0s  11%    importance        1.000  │
│                              Copy        0s   4%    explained_var…    0.553  │
│                              Misc        0s  14%                             │
│                                                                              │
│  User Stats                    Value    User Stats                    Value  │
╰──────────────────────────────────────────────────────────────────────────────╯

  step=  5832704  eval_eaten= 0.00  trail_avg= 0.00
[0;0H╭──────────────────────────────────────────────────────────────────────────────╮
│  PufferLib 3.0     🐡           CPU:       GPU:     DRAM: 5.1%   VRAM: 8.2%  │
│                                344.6%      12.8%                             │
│                                                                              │
│  Summary          Value    Evaluate      2s  60%    Losses            Value  │
│  Env        wolf_rabbit      Forwa…      1s  37%    policy_loss      -0.011  │
│  Params            5.9K      Env         0s   2%    value_loss        0.034  │
│  Steps             5.9M      Copy        0s  20%    entropy           0.662  │
│  SPS             188.9K      Misc        0s   0%    old_approx_kl     0.002  │
│  Epoch               90    Train         2s  39%    approx_kl         0.002  │
│  Uptime             34s      Forwa…      0s   5%    clipfrac          0.018  │
│  Remaini…           32s      Learn       0s  11%    importance        1.000  │
│                              Copy        0s   4%    explained_var…    0.556  │
│                              Misc        0s  14%                             │
│                                                                              │
│  User Stats                    Value    User Stats                    Value  │
╰──────────────────────────────────────────────────────────────────────────────╯

  step=  5898240  eval_eaten= 0.00  trail_avg= 0.00
[0;0H╭──────────────────────────────────────────────────────────────────────────────╮
│  PufferLib 3.0    🐡            CPU:       GPU:     DRAM: 5.1%   VRAM: 8.2%  │
│                                344.6%      12.8%                             │
│                                                                              │
│  Summary          Value    Evaluate      2s  60%    Losses            Value  │
│  Env        wolf_rabbit      Forwa…      1s  37%    policy_loss       0.003  │
│  Params            5.9K      Env         0s   2%    value_loss        0.034  │
│  Steps             6.0M      Copy        0s  20%    entropy           0.661  │
│  SPS             155.5K      Misc        0s   0%    old_approx_kl     0.002  │
│  Epoch               91    Train         2s  39%    approx_kl         0.002  │
│  Uptime             35s      Forwa…      0s   5%    clipfrac          0.019  │
│  Remaini…           38s      Learn       0s  11%    importance        1.000  │
│                              Copy        0s   4%    explained_var…    0.564  │
│                              Misc        0s  14%                             │
│                                                                              │
│  User Stats                    Value    User Stats                    Value  │
╰──────────────────────────────────────────────────────────────────────────────╯

  step=  5963776  eval_eaten= 0.00  trail_avg= 0.00
[0;0H╭──────────────────────────────────────────────────────────────────────────────╮
│  PufferLib 3.0   🐡             CPU:       GPU:     DRAM: 5.1%   VRAM: 8.2%  │
│                                343.6%      12.8%                             │
│                                                                              │
│  Summary          Value    Evaluate      2s  53%    Losses            Value  │
│  Env        wolf_rabbit      Forwa…      1s  32%    policy_loss      -0.004  │
│  Params            5.9K      Env         0s   3%    value_loss        0.038  │
│  Steps             6.0M      Copy        0s  17%    entropy           0.669  │
│  SPS             154.0K      Misc        0s   0%    old_approx_kl     0.002  │
│  Epoch               92    Train         2s  46%    approx_kl         0.002  │
│  Uptime             35s      Forwa…      0s   5%    clipfrac          0.015  │
│  Remaini…           38s      Learn       0s  37%    importance        1.000  │
│                              Copy        0s   3%    explained_var…    0.546  │
│                              Misc        0s  14%                             │
│                                                                              │
│  User Stats                    Value    User Stats                    Value  │
╰──────────────────────────────────────────────────────────────────────────────╯

  step=  6029312  eval_eaten= 0.00  trail_avg= 0.00
[0;0H╭──────────────────────────────────────────────────────────────────────────────╮
│  PufferLib 3.0  🐡              CPU:       GPU:     DRAM: 5.1%   VRAM: 8.2%  │
│                                343.6%      12.8%                             │
│                                                                              │
│  Summary          Value    Evaluate      2s  53%    Losses            Value  │
│  Env        wolf_rabbit      Forwa…      1s  32%    policy_loss      -0.005  │
│  Params            5.9K      Env         0s   3%    value_loss        0.035  │
│  Steps             6.1M      Copy        0s  17%    entropy           0.652  │
│  SPS             169.2K      Misc        0s   0%    old_approx_kl     0.002  │
│  Epoch               93    Train         2s  46%    approx_kl         0.002  │
│  Uptime             36s      Forwa…      0s   5%    clipfrac          0.019  │
│  Remaini…           34s      Learn       0s  37%    importance        1.000  │
│                              Copy        0s   3%    explained_var…    0.576  │
│                              Misc        0s  14%                             │
│                                                                              │
│  User Stats                    Value    User Stats                    Value  │
╰──────────────────────────────────────────────────────────────────────────────╯

  step=  6094848  eval_eaten= 0.00  trail_avg= 0.00
[0;0H╭──────────────────────────────────────────────────────────────────────────────╮
│  PufferLib 3.0 🐡               CPU:       GPU:     DRAM: 5.1%   VRAM: 8.2%  │
│                                346.5%      12.9%                             │
│                                                                              │
│  Summary          Value    Evaluate      2s  53%    Losses            Value  │
│  Env        wolf_rabbit      Forwa…      1s  32%    policy_loss      -0.003  │
│  Params            5.9K      Env         0s   3%    value_loss        0.034  │
│  Steps             6.2M      Copy        0s  17%    entropy           0.658  │
│  SPS             169.0K      Misc        0s   0%    old_approx_kl     0.002  │
│  Epoch               94    Train         2s  46%    approx_kl         0.002  │
│  Uptime             36s      Forwa…      0s   5%    clipfrac          0.016  │
│  Remaini…           34s      Learn       0s  37%    importance        1.000  │
│                              Copy        0s   3%    explained_var…    0.556  │
│                              Misc        0s  14%                             │
│                                                                              │
│  User Stats                    Value    User Stats                    Value  │
╰──────────────────────────────────────────────────────────────────────────────╯

  step=  6160384  eval_eaten= 0.00  trail_avg= 0.00
[0;0H╭──────────────────────────────────────────────────────────────────────────────╮
│  PufferLib 3.0          🐡      CPU:       GPU:     DRAM: 5.1%   VRAM: 8.2%  │
│                                346.5%      12.9%                             │
│                                                                              │
│  Summary          Value    Evaluate      2s  53%    Losses            Value  │
│  Env        wolf_rabbit      Forwa…      1s  32%    policy_loss      -0.003  │
│  Params            5.9K      Env         0s   3%    value_loss        0.035  │
│  Steps             6.2M      Copy        0s  17%    entropy           0.656  │
│  SPS             159.8K      Misc        0s   0%    old_approx_kl     0.002  │
│  Epoch               95    Train         2s  46%    approx_kl         0.002  │
│  Uptime             36s      Forwa…      0s   5%    clipfrac          0.017  │
│  Remaini…           36s      Learn       0s  37%    importance        1.000  │
│                              Copy        0s   3%    explained_var…    0.550  │
│                              Misc        0s  14%                             │
│                                                                              │
│  User Stats                    Value    User Stats                    Value  │
╰──────────────────────────────────────────────────────────────────────────────╯

  step=  6225920  eval_eaten= 0.00  trail_avg= 0.00
[0;0H╭──────────────────────────────────────────────────────────────────────────────╮
│  PufferLib 3.0         🐡       CPU:       GPU:     DRAM: 5.1%   VRAM: 8.2%  │
│                                346.5%      12.9%                             │
│                                                                              │
│  Summary          Value    Evaluate      2s  53%    Losses            Value  │
│  Env        wolf_rabbit      Forwa…      1s  32%    policy_loss      -0.007  │
│  Params            5.9K      Env         0s   3%    value_loss        0.033  │
│  Steps             6.3M      Copy        0s  17%    entropy           0.651  │
│  SPS             152.1K      Misc        0s   0%    old_approx_kl     0.003  │
│  Epoch               96    Train         2s  46%    approx_kl         0.003  │
│  Uptime             37s      Forwa…      0s   5%    clipfrac          0.026  │
│  Remaini…           37s      Learn       0s  37%    importance        1.000  │
│                              Copy        0s   3%    explained_var…    0.569  │
│                              Misc        0s  14%                             │
│                                                                              │
│  User Stats                    Value    User Stats                    Value  │
╰──────────────────────────────────────────────────────────────────────────────╯

  step=  6291456  eval_eaten= 0.00  trail_avg= 0.00
[0;0H╭──────────────────────────────────────────────────────────────────────────────╮
│  PufferLib 3.0        🐡        CPU:       GPU:     DRAM: 5.1%   VRAM: 8.2%  │
│                                347.1%      13.1%                             │
│                                                                              │
│  Summary          Value    Evaluate      2s  49%    Losses            Value  │
│  Env        wolf_rabbit      Forwa…      1s  28%    policy_loss      -0.001  │
│  Params            5.9K      Env         0s   3%    value_loss        0.032  │
│  Steps             6.4M      Copy        0s  17%    entropy           0.644  │
│  SPS             169.4K      Misc        0s   0%    old_approx_kl     0.002  │
│  Epoch               97    Train         2s  50%    approx_kl         0.002  │
│  Uptime             37s      Forwa…      0s   4%    clipfrac          0.021  │
│  Remaini…           33s      Learn       0s  20%    importance        1.000  │
│                              Copy        0s   4%    explained_var…    0.591  │
│                              Misc        0s  15%                             │
│                                                                              │
│  User Stats                    Value    User Stats                    Value  │
╰──────────────────────────────────────────────────────────────────────────────╯

  step=  6356992  eval_eaten= 0.00  trail_avg= 0.00
[0;0H╭──────────────────────────────────────────────────────────────────────────────╮
│  PufferLib 3.0       🐡         CPU:       GPU:     DRAM: 5.1%   VRAM: 8.2%  │
│                                347.1%      13.1%                             │
│                                                                              │
│  Summary          Value    Evaluate      2s  49%    Losses            Value  │
│  Env        wolf_rabbit      Forwa…      1s  28%    policy_loss       0.007  │
│  Params            5.9K      Env         0s   3%    value_loss        0.034  │
│  Steps             6.4M      Copy        0s  17%    entropy           0.648  │
│  SPS             157.3K      Misc        0s   0%    old_approx_kl     0.003  │
│  Epoch               98    Train         2s  50%    approx_kl         0.002  │
│  Uptime             38s      Forwa…      0s   4%    clipfrac          0.024  │
│  Remaini…           35s      Learn       0s  20%    importance        1.000  │
│                              Copy        0s   4%    explained_var…    0.588  │
│                              Misc        0s  15%                             │
│                                                                              │
│  User Stats                    Value    User Stats                    Value  │
╰──────────────────────────────────────────────────────────────────────────────╯

  step=  6422528  eval_eaten= 0.00  trail_avg= 0.00
[0;0H╭──────────────────────────────────────────────────────────────────────────────╮
│  PufferLib 3.0      🐡          CPU:       GPU:     DRAM: 5.1%   VRAM: 8.2%  │
│                                349.6%      13.1%                             │
│                                                                              │
│  Summary          Value    Evaluate      2s  49%    Losses            Value  │
│  Env        wolf_rabbit      Forwa…      1s  28%    policy_loss      -0.007  │
│  Params            5.9K      Env         0s   3%    value_loss        0.035  │
│  Steps             6.5M      Copy        0s  17%    entropy           0.644  │
│  SPS             148.7K      Misc        0s   0%    old_approx_kl     0.001  │
│  Epoch               99    Train         2s  50%    approx_kl         0.002  │
│  Uptime             38s      Forwa…      0s   4%    clipfrac          0.015  │
│  Remaini…           37s      Learn       0s  20%    importance        1.000  │
│                              Copy        0s   4%    explained_var…    0.571  │
│                              Misc        0s  15%                             │
│                                                                              │
│  User Stats                    Value    User Stats                    Value  │
╰──────────────────────────────────────────────────────────────────────────────╯

  step=  6488064  eval_eaten= 0.00  trail_avg= 0.00
[0;0H╭──────────────────────────────────────────────────────────────────────────────╮
│  PufferLib 3.0     🐡           CPU:       GPU:     DRAM: 5.1%   VRAM: 8.2%  │
│                                349.6%      13.1%                             │
│                                                                              │
│  Summary          Value    Evaluate      2s  49%    Losses            Value  │
│  Env        wolf_rabbit      Forwa…      1s  28%    policy_loss      -0.011  │
│  Params            5.9K      Env         0s   3%    value_loss        0.033  │
│  Steps             6.6M      Copy        0s  17%    entropy           0.634  │
│  SPS             161.4K      Misc        0s   0%    old_approx_kl     0.002  │
│  Epoch              100    Train         2s  50%    approx_kl         0.002  │
│  Uptime             39s      Forwa…      0s   4%    clipfrac          0.016  │
│  Remaini…           33s      Learn       0s  20%    importance        1.000  │
│                              Copy        0s   4%    explained_var…    0.587  │
│                              Misc        0s  15%                             │
│                                                                              │
│  User Stats                    Value    User Stats                    Value  │
╰──────────────────────────────────────────────────────────────────────────────╯

  step=  6553600  eval_eaten= 0.00  trail_avg= 0.00
[0;0H╭──────────────────────────────────────────────────────────────────────────────╮
│  PufferLib 3.0    🐡            CPU:       GPU:     DRAM: 5.1%   VRAM: 8.2%  │
│                                349.2%      13.1%                             │
│                                                                              │
│  Summary          Value    Evaluate      2s  49%    Losses            Value  │
│  Env        wolf_rabbit      Forwa…      1s  28%    policy_loss      -0.009  │
│  Params            5.9K      Env         0s   3%    value_loss        0.034  │
│  Steps             6.6M      Copy        0s  17%    entropy           0.635  │
│  SPS             188.8K      Misc        0s   0%    old_approx_kl     0.002  │
│  Epoch              101    Train         2s  50%    approx_kl         0.002  │
│  Uptime             39s      Forwa…      0s   4%    clipfrac          0.016  │
│  Remaini…           28s      Learn       0s  20%    importance        1.000  │
│                              Copy        0s   4%    explained_var…    0.580  │
│                              Misc        0s  15%                             │
│                                                                              │
│  User Stats                    Value    User Stats                    Value  │
╰──────────────────────────────────────────────────────────────────────────────╯

  step=  6619136  eval_eaten= 0.00  trail_avg= 0.00
[0;0H╭──────────────────────────────────────────────────────────────────────────────╮
│  PufferLib 3.0   🐡             CPU:       GPU:     DRAM: 5.1%   VRAM: 8.2%  │
│                                349.2%      13.1%                             │
│                                                                              │
│  Summary          Value    Evaluate      2s  60%    Losses            Value  │
│  Env        wolf_rabbit      Forwa…      1s  33%    policy_loss       0.000  │
│  Params            5.9K      Env         0s   3%    value_loss        0.035  │
│  Steps             6.7M      Copy        0s  23%    entropy           0.634  │
│  SPS             175.1K      Misc        0s   0%    old_approx_kl     0.003  │
│  Epoch              102    Train         2s  39%    approx_kl         0.002  │
│  Uptime             39s      Forwa…      0s   3%    clipfrac          0.012  │
│  Remaini…           30s      Learn       0s  13%    importance        0.999  │
│                              Copy        0s   3%    explained_var…    0.590  │
│                              Misc        0s  18%                             │
│                                                                              │
│  User Stats                    Value    User Stats                    Value  │
╰──────────────────────────────────────────────────────────────────────────────╯

  step=  6684672  eval_eaten= 0.00  trail_avg= 0.00
[0;0H╭──────────────────────────────────────────────────────────────────────────────╮
│  PufferLib 3.0  🐡              CPU:       GPU:     DRAM: 5.1%   VRAM: 8.2%  │
│                                349.2%      13.1%                             │
│                                                                              │
│  Summary          Value    Evaluate      2s  60%    Losses            Value  │
│  Env        wolf_rabbit      Forwa…      1s  33%    policy_loss      -0.002  │
│  Params            5.9K      Env         0s   3%    value_loss        0.032  │
│  Steps             6.8M      Copy        0s  23%    entropy           0.639  │
│  SPS             174.2K      Misc        0s   0%    old_approx_kl     0.002  │
│  Epoch              103    Train         2s  39%    approx_kl         0.002  │
│  Uptime             40s      Forwa…      0s   3%    clipfrac          0.015  │
│  Remaini…           30s      Learn       0s  13%    importance        1.000  │
│                              Copy        0s   3%    explained_var…    0.597  │
│                              Misc        0s  18%                             │
│                                                                              │
│  User Stats                    Value    User Stats                    Value  │
╰──────────────────────────────────────────────────────────────────────────────╯

  step=  6750208  eval_eaten= 0.00  trail_avg= 0.00
[0;0H╭──────────────────────────────────────────────────────────────────────────────╮
│  PufferLib 3.0 🐡               CPU:       GPU:     DRAM: 5.1%   VRAM: 8.2%  │
│                                347.7%      13.3%                             │
│                                                                              │
│  Summary          Value    Evaluate      2s  60%    Losses            Value  │
│  Env        wolf_rabbit      Forwa…      1s  33%    policy_loss      -0.000  │
│  Params            5.9K      Env         0s   3%    value_loss        0.035  │
│  Steps             6.8M      Copy        0s  23%    entropy           0.634  │
│  SPS             157.5K      Misc        0s   0%    old_approx_kl     0.003  │
│  Epoch              104    Train         2s  39%    approx_kl         0.003  │
│  Uptime             40s      Forwa…      0s   3%    clipfrac          0.027  │
│  Remaini…           32s      Learn       0s  13%    importance        1.000  │
│                              Copy        0s   3%    explained_var…    0.587  │
│                              Misc        0s  18%                             │
│                                                                              │
│  User Stats                    Value    User Stats                    Value  │
╰──────────────────────────────────────────────────────────────────────────────╯

  step=  6815744  eval_eaten= 0.00  trail_avg= 0.00
[0;0H╭──────────────────────────────────────────────────────────────────────────────╮
│  PufferLib 3.0          🐡      CPU:       GPU:     DRAM: 5.1%   VRAM: 8.2%  │
│                                347.7%      13.3%                             │
│                                                                              │
│  Summary          Value    Evaluate      2s  60%    Losses            Value  │
│  Env        wolf_rabbit      Forwa…      1s  33%    policy_loss      -0.013  │
│  Params            5.9K      Env         0s   3%    value_loss        0.033  │
│  Steps             6.9M      Copy        0s  23%    entropy           0.627  │
│  SPS             139.6K      Misc        0s   0%    old_approx_kl     0.002  │
│  Epoch              105    Train         2s  39%    approx_kl         0.002  │
│  Uptime             41s      Forwa…      0s   3%    clipfrac          0.021  │
│  Remaini…           36s      Learn       0s  13%    importance        1.001  │
│                              Copy        0s   3%    explained_var…    0.584  │
│                              Misc        0s  18%                             │
│                                                                              │
│  User Stats                    Value    User Stats                    Value  │
╰──────────────────────────────────────────────────────────────────────────────╯

  step=  6881280  eval_eaten= 0.00  trail_avg= 0.00
[0;0H╭──────────────────────────────────────────────────────────────────────────────╮
│  PufferLib 3.0         🐡       CPU:       GPU:     DRAM: 5.1%   VRAM: 8.2%  │
│                                347.7%      13.2%                             │
│                                                                              │
│  Summary          Value    Evaluate      2s  60%    Losses            Value  │
│  Env        wolf_rabbit      Forwa…      2s  33%    policy_loss      -0.008  │
│  Params            5.9K      Env         0s   3%    value_loss        0.036  │
│  Steps             6.9M      Copy        0s  23%    entropy           0.621  │
│  SPS             170.1K      Misc        0s   0%    old_approx_kl     0.001  │
│  Epoch              106    Train         2s  39%    approx_kl         0.001  │
│  Uptime             41s      Forwa…      0s   3%    clipfrac          0.005  │
│  Remaini…           29s      Learn       0s  13%    importance        1.000  │
│                              Copy        0s   3%    explained_var…    0.554  │
│                              Misc        0s  18%                             │
│                                                                              │
│  User Stats                    Value    User Stats                    Value  │
╰──────────────────────────────────────────────────────────────────────────────╯

  step=  6946816  eval_eaten= 0.00  trail_avg= 0.00
[0;0H╭──────────────────────────────────────────────────────────────────────────────╮
│  PufferLib 3.0        🐡        CPU:       GPU:     DRAM: 5.1%   VRAM: 8.2%  │
│                                347.7%      13.2%                             │
│                                                                              │
│  Summary          Value    Evaluate      2s  48%    Losses            Value  │
│  Env        wolf_rabbit      Forwa…      2s  27%    policy_loss      -0.003  │
│  Params            5.9K      Env         0s   4%    value_loss        0.032  │
│  Steps             7.0M      Copy        0s  16%    entropy           0.630  │
│  SPS             153.4K      Misc        0s   0%    old_approx_kl     0.002  │
│  Epoch              107    Train         2s  51%    approx_kl         0.002  │
│  Uptime             41s      Forwa…      0s   4%    clipfrac          0.027  │
│  Remaini…           32s      Learn       0s  36%    importance        1.001  │
│                              Copy        0s   6%    explained_var…    0.601  │
│                              Misc        0s  18%                             │
│                                                                              │
│  User Stats                    Value    User Stats                    Value  │
╰──────────────────────────────────────────────────────────────────────────────╯

  step=  7012352  eval_eaten= 0.00  trail_avg= 0.00
[0;0H╭──────────────────────────────────────────────────────────────────────────────╮
│  PufferLib 3.0       🐡         CPU:       GPU:     DRAM: 5.1%   VRAM: 8.2%  │
│                                347.7%      13.2%                             │
│                                                                              │
│  Summary          Value    Evaluate      2s  48%    Losses            Value  │
│  Env        wolf_rabbit      Forwa…      2s  27%    policy_loss      -0.007  │
│  Params            5.9K      Env         0s   4%    value_loss        0.036  │
│  Steps             7.1M      Copy        0s  16%    entropy           0.633  │
│  SPS             161.9K      Misc        0s   0%    old_approx_kl     0.002  │
│  Epoch              108    Train         2s  51%    approx_kl         0.002  │
│  Uptime             42s      Forwa…      0s   4%    clipfrac          0.018  │
│  Remaini…           30s      Learn       0s  36%    importance        1.000  │
│                              Copy        0s   6%    explained_var…    0.571  │
│                              Misc        0s  18%                             │
│                                                                              │
│  User Stats                    Value    User Stats                    Value  │
╰──────────────────────────────────────────────────────────────────────────────╯

  step=  7077888  eval_eaten= 0.00  trail_avg= 0.00
[0;0H╭──────────────────────────────────────────────────────────────────────────────╮
│  PufferLib 3.0      🐡          CPU:       GPU:     DRAM: 5.1%   VRAM: 8.2%  │
│                                347.9%      13.4%                             │
│                                                                              │
│  Summary          Value    Evaluate      2s  48%    Losses            Value  │
│  Env        wolf_rabbit      Forwa…      2s  27%    policy_loss       0.004  │
│  Params            5.9K      Env         0s   4%    value_loss        0.033  │
│  Steps             7.1M      Copy        0s  16%    entropy           0.615  │
│  SPS             133.7K      Misc        0s   0%    old_approx_kl     0.002  │
│  Epoch              109    Train         2s  51%    approx_kl         0.002  │
│  Uptime             42s      Forwa…      0s   4%    clipfrac          0.011  │
│  Remaini…           36s      Learn       0s  36%    importance        1.000  │
│                              Copy        0s   6%    explained_var…    0.602  │
│                              Misc        0s  18%                             │
│                                                                              │
│  User Stats                    Value    User Stats                    Value  │
╰──────────────────────────────────────────────────────────────────────────────╯

  step=  7143424  eval_eaten= 0.00  trail_avg= 0.00
[0;0H╭──────────────────────────────────────────────────────────────────────────────╮
│  PufferLib 3.0     🐡           CPU:       GPU:     DRAM: 5.1%   VRAM: 8.2%  │
│                                347.9%      13.4%                             │
│                                                                              │
│  Summary          Value    Evaluate      2s  48%    Losses            Value  │
│  Env        wolf_rabbit      Forwa…      2s  27%    policy_loss      -0.001  │
│  Params            5.9K      Env         0s   4%    value_loss        0.031  │
│  Steps             7.2M      Copy        0s  16%    entropy           0.618  │
│  SPS             156.1K      Misc        0s   0%    old_approx_kl     0.003  │
│  Epoch              110    Train         2s  51%    approx_kl         0.003  │
│  Uptime             43s      Forwa…      0s   4%    clipfrac          0.034  │
│  Remaini…           30s      Learn       0s  36%    importance        1.000  │
│                              Copy        0s   6%    explained_var…    0.610  │
│                              Misc        0s  18%                             │
│                                                                              │
│  User Stats                    Value    User Stats                    Value  │
╰──────────────────────────────────────────────────────────────────────────────╯

  step=  7208960  eval_eaten= 0.00  trail_avg= 0.00
[0;0H╭──────────────────────────────────────────────────────────────────────────────╮
│  PufferLib 3.0    🐡            CPU:       GPU:     DRAM: 5.1%   VRAM: 8.2%  │
│                                345.8%      13.2%                             │
│                                                                              │
│  Summary          Value    Evaluate      2s  48%    Losses            Value  │
│  Env        wolf_rabbit      Forwa…      2s  27%    policy_loss       0.006  │
│  Params            5.9K      Env         0s   4%    value_loss        0.033  │
│  Steps             7.3M      Copy        0s  16%    entropy           0.608  │
│  SPS             161.1K      Misc        0s   0%    old_approx_kl     0.002  │
│  Epoch              111    Train         2s  51%    approx_kl         0.002  │
│  Uptime             43s      Forwa…      0s   4%    clipfrac          0.012  │
│  Remaini…           29s      Learn       0s  36%    importance        1.000  │
│                              Copy        0s   6%    explained_var…    0.608  │
│                              Misc        0s  18%                             │
│                                                                              │
│  User Stats                    Value    User Stats                    Value  │
╰──────────────────────────────────────────────────────────────────────────────╯

  step=  7274496  eval_eaten= 0.00  trail_avg= 0.00
[0;0H╭──────────────────────────────────────────────────────────────────────────────╮
│  PufferLib 3.0   🐡             CPU:       GPU:     DRAM: 5.1%   VRAM: 8.2%  │
│                                345.8%      13.2%                             │
│                                                                              │
│  Summary          Value    Evaluate      2s  61%    Losses            Value  │
│  Env        wolf_rabbit      Forwa…      2s  36%    policy_loss      -0.010  │
│  Params            5.9K      Env         0s   3%    value_loss        0.034  │
│  Steps             7.3M      Copy        0s  21%    entropy           0.612  │
│  SPS             164.2K      Misc        0s   0%    old_approx_kl     0.002  │
│  Epoch              112    Train         2s  38%    approx_kl         0.002  │
│  Uptime             44s      Forwa…      0s   5%    clipfrac          0.013  │
│  Remaini…           28s      Learn       0s  12%    importance        1.000  │
│                              Copy        0s   6%    explained_var…    0.586  │
│                              Misc        0s  13%                             │
│                                                                              │
│  User Stats                    Value    User Stats                    Value  │
╰──────────────────────────────────────────────────────────────────────────────╯

  step=  7340032  eval_eaten= 0.00  trail_avg= 0.00
[0;0H╭──────────────────────────────────────────────────────────────────────────────╮
│  PufferLib 3.0  🐡              CPU:       GPU:     DRAM: 5.1%   VRAM: 8.2%  │
│                                344.7%      13.1%                             │
│                                                                              │
│  Summary          Value    Evaluate      2s  61%    Losses            Value  │
│  Env        wolf_rabbit      Forwa…      2s  36%    policy_loss       0.001  │
│  Params            5.9K      Env         0s   3%    value_loss        0.033  │
│  Steps             7.4M      Copy        0s  21%    entropy           0.608  │
│  SPS             160.3K      Misc        0s   0%    old_approx_kl     0.001  │
│  Epoch              113    Train         2s  38%    approx_kl         0.002  │
│  Uptime             44s      Forwa…      0s   5%    clipfrac          0.013  │
│  Remaini…           28s      Learn       0s  12%    importance        1.000  │
│                              Copy        0s   6%    explained_var…    0.601  │
│                              Misc        0s  13%                             │
│                                                                              │
│  User Stats                    Value    User Stats                    Value  │
╰──────────────────────────────────────────────────────────────────────────────╯

  step=  7405568  eval_eaten= 0.00  trail_avg= 0.00
[0;0H╭──────────────────────────────────────────────────────────────────────────────╮
│  PufferLib 3.0 🐡               CPU:       GPU:     DRAM: 5.1%   VRAM: 8.2%  │
│                                344.7%      13.1%                             │
│                                                                              │
│  Summary          Value    Evaluate      2s  61%    Losses            Value  │
│  Env        wolf_rabbit      Forwa…      2s  36%    policy_loss       0.010  │
│  Params            5.9K      Env         0s   3%    value_loss        0.034  │
│  Steps             7.5M      Copy        0s  21%    entropy           0.624  │
│  SPS             168.8K      Misc        0s   0%    old_approx_kl     0.001  │
│  Epoch              114    Train         2s  38%    approx_kl         0.001  │
│  Uptime             44s      Forwa…      0s   5%    clipfrac          0.004  │
│  Remaini…           26s      Learn       0s  12%    importance        1.000  │
│                              Copy        0s   6%    explained_var…    0.579  │
│                              Misc        0s  13%                             │
│                                                                              │
│  User Stats                    Value    User Stats                    Value  │
╰──────────────────────────────────────────────────────────────────────────────╯

  step=  7471104  eval_eaten= 0.00  trail_avg= 0.00
[0;0H╭──────────────────────────────────────────────────────────────────────────────╮
│  PufferLib 3.0          🐡      CPU:       GPU:     DRAM: 5.1%   VRAM: 8.2%  │
│                                344.7%      13.1%                             │
│                                                                              │
│  Summary          Value    Evaluate      2s  61%    Losses            Value  │
│  Env        wolf_rabbit      Forwa…      2s  36%    policy_loss       0.005  │
│  Params            5.9K      Env         0s   3%    value_loss        0.034  │
│  Steps             7.5M      Copy        0s  21%    entropy           0.608  │
│  SPS             184.6K      Misc        0s   0%    old_approx_kl     0.001  │
│  Epoch              115    Train         2s  38%    approx_kl         0.001  │
│  Uptime             45s      Forwa…      0s   5%    clipfrac          0.009  │
│  Remaini…           24s      Learn       0s  12%    importance        1.000  │
│                              Copy        0s   6%    explained_var…    0.593  │
│                              Misc        0s  13%                             │
│                                                                              │
│  User Stats                    Value    User Stats                    Value  │
╰──────────────────────────────────────────────────────────────────────────────╯

  step=  7536640  eval_eaten= 0.00  trail_avg= 0.00
[0;0H╭──────────────────────────────────────────────────────────────────────────────╮
│  PufferLib 3.0         🐡       CPU:       GPU:     DRAM: 5.1%   VRAM: 8.2%  │
│                                344.0%      13.2%                             │
│                                                                              │
│  Summary          Value    Evaluate      3s  61%    Losses            Value  │
│  Env        wolf_rabbit      Forwa…      2s  36%    policy_loss       0.006  │
│  Params            5.9K      Env         0s   3%    value_loss        0.032  │
│  Steps             7.6M      Copy        0s  21%    entropy           0.600  │
│  SPS             148.1K      Misc        0s   0%    old_approx_kl     0.002  │
│  Epoch              116    Train         2s  38%    approx_kl         0.002  │
│  Uptime             45s      Forwa…      0s   5%    clipfrac          0.017  │
│  Remaini…           29s      Learn       0s  12%    importance        1.000  │
│                              Copy        0s   6%    explained_var…    0.617  │
│                              Misc        0s  13%                             │
│                                                                              │
│  User Stats                    Value    User Stats                    Value  │
╰──────────────────────────────────────────────────────────────────────────────╯

  step=  7602176  eval_eaten= 0.00  trail_avg= 0.00
[0;0H╭──────────────────────────────────────────────────────────────────────────────╮
│  PufferLib 3.0        🐡        CPU:       GPU:     DRAM: 5.1%   VRAM: 8.2%  │
│                                344.0%      13.2%                             │
│                                                                              │
│  Summary          Value    Evaluate      3s  44%    Losses            Value  │
│  Env        wolf_rabbit      Forwa…      2s  23%    policy_loss       0.003  │
│  Params            5.9K      Env         0s   3%    value_loss        0.034  │
│  Steps             7.7M      Copy        0s  17%    entropy           0.609  │
│  SPS             157.1K      Misc        0s   0%    old_approx_kl     0.001  │
│  Epoch              117    Train         2s  55%    approx_kl         0.001  │
│  Uptime             46s      Forwa…      0s   4%    clipfrac          0.003  │
│  Remaini…           27s      Learn       0s  38%    importance        1.000  │
│                              Copy        0s   3%    explained_var…    0.592  │
│                              Misc        0s  14%                             │
│                                                                              │
│  User Stats                    Value    User Stats                    Value  │
╰──────────────────────────────────────────────────────────────────────────────╯

  step=  7667712  eval_eaten= 0.00  trail_avg= 0.00
  step=  7733248  eval_eaten= 0.00  trail_avg= 0.00
  step=  7798784  eval_eaten= 0.00  trail_avg= 0.00
  step=  7864320  eval_eaten= 0.00  trail_avg= 0.00
  step=  7929856  eval_eaten= 0.00  trail_avg= 0.00
[0;0H╭──────────────────────────────────────────────────────────────────────────────╮
│  PufferLib 3.0       🐡         CPU:       GPU:     DRAM: 5.1%   VRAM: 8.2%  │
│                                335.9%      13.4%                             │
│                                                                              │
│  Summary          Value    Evaluate      3s  44%    Losses            Value  │
│  Env        wolf_rabbit      Forwa…      2s  23%    policy_loss      -0.012  │
│  Params            5.9K      Env         0s   3%    value_loss        0.034  │
│  Steps             8.0M      Copy        0s  17%    entropy           0.606  │
│  SPS               1.1M      Misc        0s   0%    old_approx_kl     0.001  │
│  Epoch              122    Train         2s  55%    approx_kl         0.001  │
│  Uptime             46s      Forwa…      0s   4%    clipfrac          0.009  │
│  Remaini…            3s      Learn       1s  38%    importance        1.000  │
│                              Copy        0s   3%    explained_var…    0.588  │
│                              Misc        0s  14%                             │
│                                                                              │
│  User Stats                    Value    User Stats                    Value  │
╰──────────────────────────────────────────────────────────────────────────────╯

  step=  7995392  eval_eaten= 0.00  trail_avg= 0.00
[0;0H╭──────────────────────────────────────────────────────────────────────────────╮
│  PufferLib 3.0      🐡          CPU:       GPU:     DRAM: 5.1%   VRAM: 8.2%  │
│                                335.6%      13.4%                             │
│                                                                              │
│  Summary          Value    Evaluate      3s  54%    Losses            Value  │
│  Env        wolf_rabbit      Forwa…      2s  31%    policy_loss      -0.003  │
│  Params            5.9K      Env         0s   3%    value_loss        0.033  │
│  Steps             8.1M      Copy        0s  19%    entropy           0.594  │
│  SPS             162.4K      Misc        0s   0%    old_approx_kl     0.002  │
│  Epoch              123    Train         2s  45%    approx_kl         0.002  │
│  Uptime             46s      Forwa…      0s   4%    clipfrac          0.018  │
│  Remaini…           24s      Learn       1s  44%    importance        1.000  │
│                              Copy        0s   5%    explained_var…    0.620  │
│                              Misc        0s  14%                             │
│                                                                              │
│  User Stats                    Value    User Stats                    Value  │
╰──────────────────────────────────────────────────────────────────────────────╯

  step=  8060928  eval_eaten= 0.00  trail_avg= 0.00
[0;0H╭──────────────────────────────────────────────────────────────────────────────╮
│  PufferLib 3.0     🐡           CPU:       GPU:     DRAM: 5.1%   VRAM: 8.2%  │
│                                335.6%      13.4%                             │
│                                                                              │
│  Summary          Value    Evaluate      3s  54%    Losses            Value  │
│  Env        wolf_rabbit      Forwa…      2s  31%    policy_loss       0.002  │
│  Params            5.9K      Env         0s   3%    value_loss        0.031  │
│  Steps             8.1M      Copy        0s  19%    entropy           0.593  │
│  SPS             186.6K      Misc        0s   0%    old_approx_kl     0.002  │
│  Epoch              124    Train         2s  45%    approx_kl         0.002  │
│  Uptime             47s      Forwa…      0s   4%    clipfrac          0.022  │
│  Remaini…           20s      Learn       1s  44%    importance        1.000  │
│                              Copy        0s   5%    explained_var…    0.631  │
│                              Misc        0s  14%                             │
│                                                                              │
│  User Stats                    Value    User Stats                    Value  │
╰──────────────────────────────────────────────────────────────────────────────╯

  step=  8126464  eval_eaten= 0.00  trail_avg= 0.00

=== Stage 2: arena 15x15 (map_half=7.5) ===
[0;0H╭──────────────────────────────────────────────────────────────────────────────╮
│  PufferLib 3.0    🐡            CPU:       GPU:     DRAM: 5.1%   VRAM: 8.2%  │
│                                335.6%      13.4%                             │
│                                                                              │
│  Summary          Value    Evaluate      3s  54%    Losses            Value  │
│  Env        wolf_rabbit      Forwa…      2s  31%    policy_loss      -0.166  │
│  Params            5.9K      Env         0s   3%    value_loss        0.073  │
│  Steps             8.2M      Copy        0s  19%    entropy           0.961  │
│  SPS             184.2K      Misc        0s   0%    old_approx_kl     0.002  │
│  Epoch              125    Train         2s  45%    approx_kl         0.002  │
│  Uptime             47s      Forwa…      0s   4%    clipfrac          0.013  │
│  Remaini…           20s      Learn       1s  44%    importance        1.000  │
│                              Copy        0s   5%    explained_var…    0.347  │
│                              Misc        0s  14%                             │
│                                                                              │
│  User Stats                    Value    User Stats                    Value  │
╰──────────────────────────────────────────────────────────────────────────────╯

  step=  8192000  eval_eaten= 0.00  trail_avg= 0.00
[0;0H╭──────────────────────────────────────────────────────────────────────────────╮
│  PufferLib 3.0   🐡             CPU:       GPU:     DRAM: 5.1%   VRAM: 8.2%  │
│                                336.8%      13.4%                             │
│                                                                              │
│  Summary          Value    Evaluate      3s  54%    Losses            Value  │
│  Env        wolf_rabbit      Forwa…      2s  31%    policy_loss      -0.199  │
│  Params            5.9K      Env         0s   3%    value_loss        0.034  │
│  Steps             8.3M      Copy        0s  19%    entropy           0.670  │
│  SPS             181.5K      Misc        0s   0%    old_approx_kl     0.002  │
│  Epoch              126    Train         2s  45%    approx_kl         0.002  │
│  Uptime             47s      Forwa…      0s   4%    clipfrac          0.018  │
│  Remaini…           20s      Learn       1s  44%    importance        1.000  │
│                              Copy        0s   5%    explained_var…    0.707  │
│                              Misc        0s  14%                             │
│                                                                              │
│  User Stats                    Value    User Stats                    Value  │
╰──────────────────────────────────────────────────────────────────────────────╯

  step=  8257536  eval_eaten= 0.00  trail_avg= 0.00
[0;0H╭──────────────────────────────────────────────────────────────────────────────╮
│  PufferLib 3.0  🐡              CPU:       GPU:     DRAM: 5.1%   VRAM: 8.2%  │
│                                336.8%      13.4%                             │
│                                                                              │
│  Summary          Value    Evaluate      3s  49%    Losses            Value  │
│  Env        wolf_rabbit      Forwa…      2s  28%    policy_loss      -0.181  │
│  Params            5.9K      Env         0s   3%    value_loss        0.027  │
│  Steps             8.3M      Copy        0s  17%    entropy           0.660  │
│  SPS             154.0K      Misc        0s   0%    old_approx_kl     0.002  │
│  Epoch              127    Train         2s  50%    approx_kl         0.002  │
│  Uptime             48s      Forwa…      0s   6%    clipfrac          0.017  │
│  Remaini…           23s      Learn       1s  11%    importance        1.000  │
│                              Copy        0s   5%    explained_var…    0.689  │
│                              Misc        0s  18%                             │
│                                                                              │
│  User Stats                    Value    User Stats                    Value  │
╰──────────────────────────────────────────────────────────────────────────────╯

  step=  8323072  eval_eaten= 0.00  trail_avg= 0.00
[0;0H╭──────────────────────────────────────────────────────────────────────────────╮
│  PufferLib 3.0 🐡               CPU:       GPU:     DRAM: 5.1%   VRAM: 8.2%  │
│                                336.2%      13.4%                             │
│                                                                              │
│  Summary          Value    Evaluate      3s  49%    Losses            Value  │
│  Env        wolf_rabbit      Forwa…      2s  28%    policy_loss      -0.186  │
│  Params            5.9K      Env         0s   3%    value_loss        0.029  │
│  Steps             8.4M      Copy        0s  17%    entropy           0.680  │
│  SPS             158.0K      Misc        0s   0%    old_approx_kl     0.001  │
│  Epoch              128    Train         2s  50%    approx_kl         0.001  │
│  Uptime             48s      Forwa…      0s   6%    clipfrac          0.003  │
│  Remaini…           22s      Learn       1s  11%    importance        1.000  │
│                              Copy        0s   5%    explained_var…    0.629  │
│                              Misc        0s  18%                             │
│                                                                              │
│  User Stats                    Value    User Stats                    Value  │
╰──────────────────────────────────────────────────────────────────────────────╯

  step=  8388608  eval_eaten= 0.00  trail_avg= 0.00
[0;0H╭──────────────────────────────────────────────────────────────────────────────╮
│  PufferLib 3.0          🐡      CPU:       GPU:     DRAM: 5.1%   VRAM: 8.2%  │
│                                336.2%      13.4%                             │
│                                                                              │
│  Summary          Value    Evaluate      3s  49%    Losses            Value  │
│  Env        wolf_rabbit      Forwa…      2s  28%    policy_loss      -0.168  │
│  Params            5.9K      Env         0s   3%    value_loss        0.026  │
│  Steps             8.5M      Copy        0s  17%    entropy           0.666  │
│  SPS             174.3K      Misc        0s   0%    old_approx_kl     0.001  │
│  Epoch              129    Train         2s  50%    approx_kl         0.001  │
│  Uptime             49s      Forwa…      0s   6%    clipfrac          0.004  │
│  Remaini…           20s      Learn       1s  11%    importance        1.000  │
│                              Copy        0s   5%    explained_var…    0.585  │
│                              Misc        0s  18%                             │
│                                                                              │
│  User Stats                    Value    User Stats                    Value  │
╰──────────────────────────────────────────────────────────────────────────────╯

  step=  8454144  eval_eaten= 0.00  trail_avg= 0.00
[0;0H╭──────────────────────────────────────────────────────────────────────────────╮
│  PufferLib 3.0         🐡       CPU:       GPU:     DRAM: 5.1%   VRAM: 8.2%  │
│                                336.2%      13.4%                             │
│                                                                              │
│  Summary          Value    Evaluate      3s  49%    Losses            Value  │
│  Env        wolf_rabbit      Forwa…      2s  28%    policy_loss      -0.165  │
│  Params            5.9K      Env         0s   3%    value_loss        0.028  │
│  Steps             8.5M      Copy        0s  17%    entropy           0.676  │
│  SPS             132.2K      Misc        0s   0%    old_approx_kl     0.001  │
│  Epoch              130    Train         2s  50%    approx_kl         0.001  │
│  Uptime             49s      Forwa…      0s   6%    clipfrac          0.008  │
│  Remaini…           26s      Learn       1s  11%    importance        1.000  │
│                              Copy        0s   5%    explained_var…    0.550  │
│                              Misc        0s  18%                             │
│                                                                              │
│  User Stats                    Value    User Stats                    Value  │
╰──────────────────────────────────────────────────────────────────────────────╯

  step=  8519680  eval_eaten= 0.00  trail_avg= 0.00
[0;0H╭──────────────────────────────────────────────────────────────────────────────╮
│  PufferLib 3.0        🐡        CPU:       GPU:     DRAM: 5.1%   VRAM: 8.2%  │
│                                335.7%      13.5%                             │
│                                                                              │
│  Summary          Value    Evaluate      3s  49%    Losses            Value  │
│  Env        wolf_rabbit      Forwa…      2s  28%    policy_loss      -0.145  │
│  Params            5.9K      Env         0s   3%    value_loss        0.027  │
│  Steps             8.6M      Copy        0s  17%    entropy           0.676  │
│  SPS             208.1K      Misc        0s   0%    old_approx_kl     0.000  │
│  Epoch              131    Train         2s  50%    approx_kl         0.000  │
│  Uptime             50s      Forwa…      0s   6%    clipfrac          0.000  │
│  Remaini…           16s      Learn       1s  11%    importance        1.000  │
│                              Copy        0s   5%    explained_var…    0.445  │
│                              Misc        0s  18%                             │
│                                                                              │
│  User Stats                    Value    User Stats                    Value  │
╰──────────────────────────────────────────────────────────────────────────────╯

  step=  8585216  eval_eaten= 0.00  trail_avg= 0.00
[0;0H╭──────────────────────────────────────────────────────────────────────────────╮
│  PufferLib 3.0       🐡         CPU:       GPU:     DRAM: 5.1%   VRAM: 8.2%  │
│                                335.7%      13.5%                             │
│                                                                              │
│  Summary          Value    Evaluate      3s  51%    Losses            Value  │
│  Env        wolf_rabbit      Forwa…      2s  25%    policy_loss      -0.123  │
│  Params            5.9K      Env         0s   4%    value_loss        0.029  │
│  Steps             8.7M      Copy        0s  21%    entropy           0.655  │
│  SPS             150.5K      Misc        0s   0%    old_approx_kl     0.001  │
│  Epoch              132    Train         2s  48%    approx_kl         0.001  │
│  Uptime             50s      Forwa…      0s   6%    clipfrac          0.005  │
│  Remaini…           22s      Learn       1s  21%    importance        1.000  │
│                              Copy        0s   3%    explained_var…    0.402  │
│                              Misc        0s  19%                             │
│                                                                              │
│  User Stats                    Value    User Stats                    Value  │
╰──────────────────────────────────────────────────────────────────────────────╯

  step=  8650752  eval_eaten= 0.00  trail_avg= 0.00
[0;0H╭──────────────────────────────────────────────────────────────────────────────╮
│  PufferLib 3.0      🐡          CPU:       GPU:     DRAM: 5.1%   VRAM: 8.2%  │
│                                333.3%      13.6%                             │
│                                                                              │
│  Summary          Value    Evaluate      3s  51%    Losses            Value  │
│  Env        wolf_rabbit      Forwa…      2s  25%    policy_loss      -0.098  │
│  Params            5.9K      Env         0s   4%    value_loss        0.027  │
│  Steps             8.7M      Copy        0s  21%    entropy           0.642  │
│  SPS             193.3K      Misc        0s   0%    old_approx_kl     0.001  │
│  Epoch              133    Train         2s  48%    approx_kl         0.001  │
│  Uptime             50s      Forwa…      0s   6%    clipfrac          0.007  │
│  Remaini…           16s      Learn       1s  21%    importance        1.000  │
│                              Copy        0s   3%    explained_var…    0.371  │
│                              Misc        0s  19%                             │
│                                                                              │
│  User Stats                    Value    User Stats                    Value  │
╰──────────────────────────────────────────────────────────────────────────────╯

  step=  8716288  eval_eaten= 0.00  trail_avg= 0.00
[0;0H╭──────────────────────────────────────────────────────────────────────────────╮
│  PufferLib 3.0     🐡           CPU:       GPU:     DRAM: 5.1%   VRAM: 8.2%  │
│                                333.3%      13.6%                             │
│                                                                              │
│  Summary          Value    Evaluate      3s  51%    Losses            Value  │
│  Env        wolf_rabbit      Forwa…      2s  25%    policy_loss      -0.079  │
│  Params            5.9K      Env         0s   4%    value_loss        0.028  │
│  Steps             8.8M      Copy        0s  21%    entropy           0.643  │
│  SPS             205.6K      Misc        0s   0%    old_approx_kl     0.001  │
│  Epoch              134    Train         2s  48%    approx_kl         0.001  │
│  Uptime             51s      Forwa…      0s   6%    clipfrac          0.002  │
│  Remaini…           15s      Learn       1s  21%    importance        1.000  │
│                              Copy        0s   3%    explained_var…    0.319  │
│                              Misc        0s  19%                             │
│                                                                              │
│  User Stats                    Value    User Stats                    Value  │
╰──────────────────────────────────────────────────────────────────────────────╯

  step=  8781824  eval_eaten= 0.00  trail_avg= 0.00
[0;0H╭──────────────────────────────────────────────────────────────────────────────╮
│  PufferLib 3.0    🐡            CPU:       GPU:     DRAM: 5.1%   VRAM: 8.2%  │
│                                333.3%      13.6%                             │
│                                                                              │
│  Summary          Value    Evaluate      3s  51%    Losses            Value  │
│  Env        wolf_rabbit      Forwa…      2s  25%    policy_loss      -0.098  │
│  Params            5.9K      Env         0s   4%    value_loss        0.031  │
│  Steps             8.8M      Copy        0s  21%    entropy           0.632  │
│  SPS             137.9K      Misc        0s   0%    old_approx_kl     0.001  │
│  Epoch              135    Train         2s  48%    approx_kl         0.001  │
│  Uptime             51s      Forwa…      0s   6%    clipfrac          0.003  │
│  Remaini…           22s      Learn       1s  21%    importance        1.000  │
│                              Copy        0s   3%    explained_var…    0.272  │
│                              Misc        0s  19%                             │
│                                                                              │
│  User Stats                    Value    User Stats                    Value  │
╰──────────────────────────────────────────────────────────────────────────────╯

  step=  8847360  eval_eaten= 0.00  trail_avg= 0.00
[0;0H╭──────────────────────────────────────────────────────────────────────────────╮
│  PufferLib 3.0   🐡             CPU:       GPU:     DRAM: 5.1%   VRAM: 8.2%  │
│                                332.2%      15.5%                             │
│                                                                              │
│  Summary          Value    Evaluate      3s  51%    Losses            Value  │
│  Env        wolf_rabbit      Forwa…      2s  25%    policy_loss      -0.072  │
│  Params            5.9K      Env         0s   4%    value_loss        0.028  │
│  Steps             8.9M      Copy        0s  21%    entropy           0.603  │
│  SPS             136.0K      Misc        0s   0%    old_approx_kl     0.000  │
│  Epoch              136    Train         3s  48%    approx_kl         0.000  │
│  Uptime             52s      Forwa…      0s   6%    clipfrac          0.000  │
│  Remaini…           22s      Learn       1s  21%    importance        1.000  │
│                              Copy        0s   3%    explained_var…    0.259  │
│                              Misc        0s  19%                             │
│                                                                              │
│  User Stats                    Value    User Stats                    Value  │
╰──────────────────────────────────────────────────────────────────────────────╯

  step=  8912896  eval_eaten= 0.00  trail_avg= 0.00
[0;0H╭──────────────────────────────────────────────────────────────────────────────╮
│  PufferLib 3.0  🐡              CPU:       GPU:     DRAM: 5.1%   VRAM: 8.2%  │
│                                332.2%      15.5%                             │
│                                                                              │
│  Summary          Value    Evaluate      3s  37%    Losses            Value  │
│  Env        wolf_rabbit      Forwa…      2s  13%    policy_loss      -0.067  │
│  Params            5.9K      Env         0s   2%    value_loss        0.028  │
│  Steps             9.0M      Copy        0s  21%    entropy           0.612  │
│  SPS             143.6K      Misc        0s   0%    old_approx_kl     0.000  │
│  Epoch              137    Train         3s  62%    approx_kl         0.000  │
│  Uptime             52s      Forwa…      0s   3%    clipfrac          0.000  │
│  Remaini…           21s      Learn       1s  17%    importance        1.000  │
│                              Copy        0s   2%    explained_var…    0.256  │
│                              Misc        0s  35%                             │
│                                                                              │
│  User Stats                    Value    User Stats                    Value  │
╰──────────────────────────────────────────────────────────────────────────────╯

  step=  8978432  eval_eaten= 0.00  trail_avg= 0.00
[0;0H╭──────────────────────────────────────────────────────────────────────────────╮
│  PufferLib 3.0 🐡               CPU:       GPU:     DRAM: 5.1%   VRAM: 8.2%  │
│                                332.4%      17.1%                             │
│                                                                              │
│  Summary          Value    Evaluate      3s  37%    Losses            Value  │
│  Env        wolf_rabbit      Forwa…      2s  13%    policy_loss      -0.058  │
│  Params            5.9K      Env         0s   2%    value_loss        0.028  │
│  Steps             9.0M      Copy        0s  21%    entropy           0.611  │
│  SPS             145.5K      Misc        0s   0%    old_approx_kl     0.001  │
│  Epoch              138    Train         3s  62%    approx_kl         0.001  │
│  Uptime             53s      Forwa…      0s   3%    clipfrac          0.003  │
│  Remaini…           20s      Learn       1s  17%    importance        1.000  │
│                              Copy        0s   2%    explained_var…    0.235  │
│                              Misc        0s  35%                             │
│                                                                              │
│  User Stats                    Value    User Stats                    Value  │
╰──────────────────────────────────────────────────────────────────────────────╯

  step=  9043968  eval_eaten= 0.00  trail_avg= 0.00
[0;0H╭──────────────────────────────────────────────────────────────────────────────╮
│  PufferLib 3.0          🐡      CPU:       GPU:     DRAM: 5.1%   VRAM: 8.2%  │
│                                332.4%      17.1%                             │
│                                                                              │
│  Summary          Value    Evaluate      3s  37%    Losses            Value  │
│  Env        wolf_rabbit      Forwa…      2s  13%    policy_loss      -0.057  │
│  Params            5.9K      Env         0s   2%    value_loss        0.031  │
│  Steps             9.1M      Copy        0s  21%    entropy           0.627  │
│  SPS             152.1K      Misc        0s   0%    old_approx_kl     0.000  │
│  Epoch              139    Train         3s  62%    approx_kl         0.001  │
│  Uptime             53s      Forwa…      0s   3%    clipfrac          0.003  │
│  Remaini…           19s      Learn       1s  17%    importance        1.000  │
│                              Copy        0s   2%    explained_var…    0.208  │
│                              Misc        0s  35%                             │
│                                                                              │
│  User Stats                    Value    User Stats                    Value  │
╰──────────────────────────────────────────────────────────────────────────────╯

  step=  9109504  eval_eaten= 0.00  trail_avg= 0.00
[0;0H╭──────────────────────────────────────────────────────────────────────────────╮
│  PufferLib 3.0         🐡       CPU:       GPU:     DRAM: 5.1%   VRAM: 8.2%  │
│                                333.5%      18.8%                             │
│                                                                              │
│  Summary          Value    Evaluate      3s  37%    Losses            Value  │
│  Env        wolf_rabbit      Forwa…      2s  13%    policy_loss      -0.063  │
│  Params            5.9K      Env         0s   2%    value_loss        0.030  │
│  Steps             9.2M      Copy        0s  21%    entropy           0.602  │
│  SPS             125.7K      Misc        0s   0%    old_approx_kl     0.001  │
│  Epoch              140    Train         3s  62%    approx_kl         0.000  │
│  Uptime             54s      Forwa…      0s   3%    clipfrac          0.001  │
│  Remaini…           22s      Learn       1s  17%    importance        1.000  │
│                              Copy        0s   2%    explained_var…    0.245  │
│                              Misc        0s  35%                             │
│                                                                              │
│  User Stats                    Value    User Stats                    Value  │
╰──────────────────────────────────────────────────────────────────────────────╯

  step=  9175040  eval_eaten= 0.00  trail_avg= 0.00
[0;0H╭──────────────────────────────────────────────────────────────────────────────╮
│  PufferLib 3.0        🐡        CPU:       GPU:     DRAM: 5.1%   VRAM: 8.2%  │
│                                333.5%      18.8%                             │
│                                                                              │
│  Summary          Value    Evaluate      3s  37%    Losses            Value  │
│  Env        wolf_rabbit      Forwa…      2s  13%    policy_loss      -0.049  │
│  Params            5.9K      Env         0s   2%    value_loss        0.030  │
│  Steps             9.2M      Copy        0s  21%    entropy           0.617  │
│  SPS             151.7K      Misc        0s   0%    old_approx_kl     0.000  │
│  Epoch              141    Train         3s  62%    approx_kl         0.001  │
│  Uptime             54s      Forwa…      0s   3%    clipfrac          0.002  │
│  Remaini…           18s      Learn       1s  17%    importance        1.000  │
│                              Copy        0s   2%    explained_var…    0.233  │
│                              Misc        0s  35%                             │
│                                                                              │
│  User Stats                    Value    User Stats                    Value  │
╰──────────────────────────────────────────────────────────────────────────────╯

  step=  9240576  eval_eaten= 0.00  trail_avg= 0.00
[0;0H╭──────────────────────────────────────────────────────────────────────────────╮
│  PufferLib 3.0       🐡         CPU:       GPU:     DRAM: 5.1%   VRAM: 8.2%  │
│                                330.6%      20.4%                             │
│                                                                              │
│  Summary          Value    Evaluate      3s  62%    Losses            Value  │
│  Env        wolf_rabbit      Forwa…      2s  40%    policy_loss      -0.021  │
│  Params            5.9K      Env         0s   2%    value_loss        0.029  │
│  Steps             9.3M      Copy        0s  19%    entropy           0.571  │
│  SPS              91.3K      Misc        0s   0%    old_approx_kl     0.000  │
│  Epoch              142    Train         3s  37%    approx_kl         0.000  │
│  Uptime             55s      Forwa…      0s   2%    clipfrac          0.000  │
│  Remaini…           29s      Learn       1s  36%    importance        1.000  │
│                              Copy        0s   2%    explained_var…    0.263  │
│                              Misc        0s  11%                             │
│                                                                              │
│  User Stats                    Value    User Stats                    Value  │
╰──────────────────────────────────────────────────────────────────────────────╯

  step=  9306112  eval_eaten= 0.00  trail_avg= 0.00
[0;0H╭──────────────────────────────────────────────────────────────────────────────╮
│  PufferLib 3.0      🐡          CPU:       GPU:     DRAM: 5.1%   VRAM: 8.2%  │
│                                330.6%      20.4%                             │
│                                                                              │
│  Summary          Value    Evaluate      3s  62%    Losses            Value  │
│  Env        wolf_rabbit      Forwa…      2s  40%    policy_loss      -0.053  │
│  Params            5.9K      Env         0s   2%    value_loss        0.031  │
│  Steps             9.4M      Copy        0s  19%    entropy           0.597  │
│  SPS             170.5K      Misc        0s   0%    old_approx_kl     0.000  │
│  Epoch              143    Train         3s  37%    approx_kl         0.000  │
│  Uptime             55s      Forwa…      0s   2%    clipfrac          0.000  │
│  Remaini…           15s      Learn       1s  36%    importance        1.000  │
│                              Copy        0s   2%    explained_var…    0.222  │
│                              Misc        0s  11%                             │
│                                                                              │
│  User Stats                    Value    User Stats                    Value  │
╰──────────────────────────────────────────────────────────────────────────────╯

  step=  9371648  eval_eaten= 0.00  trail_avg= 0.00
[0;0H╭──────────────────────────────────────────────────────────────────────────────╮
│  PufferLib 3.0     🐡           CPU:       GPU:     DRAM: 5.1%   VRAM: 8.2%  │
│                                330.0%      20.4%                             │
│                                                                              │
│  Summary          Value    Evaluate      3s  62%    Losses            Value  │
│  Env        wolf_rabbit      Forwa…      2s  40%    policy_loss      -0.036  │
│  Params            5.9K      Env         0s   2%    value_loss        0.030  │
│  Steps             9.4M      Copy        0s  19%    entropy           0.595  │
│  SPS             202.6K      Misc        0s   0%    old_approx_kl     0.000  │
│  Epoch              144    Train         3s  37%    approx_kl         0.000  │
│  Uptime             55s      Forwa…      0s   2%    clipfrac          0.000  │
│  Remaini…           12s      Learn       1s  36%    importance        1.000  │
│                              Copy        0s   2%    explained_var…    0.174  │
│                              Misc        0s  11%                             │
│                                                                              │
│  User Stats                    Value    User Stats                    Value  │
╰──────────────────────────────────────────────────────────────────────────────╯

  step=  9437184  eval_eaten= 0.00  trail_avg= 0.00
[0;0H╭──────────────────────────────────────────────────────────────────────────────╮
│  PufferLib 3.0    🐡            CPU:       GPU:     DRAM: 5.1%   VRAM: 8.2%  │
│                                330.0%      20.4%                             │
│                                                                              │
│  Summary          Value    Evaluate      3s  62%    Losses            Value  │
│  Env        wolf_rabbit      Forwa…      2s  40%    policy_loss      -0.048  │
│  Params            5.9K      Env         0s   2%    value_loss        0.031  │
│  Steps             9.5M      Copy        0s  19%    entropy           0.609  │
│  SPS             213.8K      Misc        0s   0%    old_approx_kl    -0.000  │
│  Epoch              145    Train         3s  37%    approx_kl         0.000  │
│  Uptime             56s      Forwa…      0s   2%    clipfrac          0.000  │
│  Remaini…           11s      Learn       1s  36%    importance        1.000  │
│                              Copy        0s   2%    explained_var…    0.190  │
│                              Misc        0s  11%                             │
│                                                                              │
│  User Stats                    Value    User Stats                    Value  │
╰──────────────────────────────────────────────────────────────────────────────╯

  step=  9502720  eval_eaten= 0.00  trail_avg= 0.00
[0;0H╭──────────────────────────────────────────────────────────────────────────────╮
│  PufferLib 3.0   🐡             CPU:       GPU:     DRAM: 5.1%   VRAM: 8.2%  │
│                                330.0%      20.4%                             │
│                                                                              │
│  Summary          Value    Evaluate      3s  62%    Losses            Value  │
│  Env        wolf_rabbit      Forwa…      2s  40%    policy_loss      -0.009  │
│  Params            5.9K      Env         0s   2%    value_loss        0.027  │
│  Steps             9.6M      Copy        0s  19%    entropy           0.572  │
│  SPS             193.4K      Misc        0s   0%    old_approx_kl     0.001  │
│  Epoch              146    Train         3s  37%    approx_kl         0.000  │
│  Uptime             56s      Forwa…      0s   2%    clipfrac          0.000  │
│  Remaini…           12s      Learn       1s  36%    importance        1.000  │
│                              Copy        0s   2%    explained_var…    0.249  │
│                              Misc        0s  11%                             │
│                                                                              │
│  User Stats                    Value    User Stats                    Value  │
╰──────────────────────────────────────────────────────────────────────────────╯

  step=  9568256  eval_eaten= 0.00  trail_avg= 0.00
[0;0H╭──────────────────────────────────────────────────────────────────────────────╮
│  PufferLib 3.0  🐡              CPU:       GPU:     DRAM: 5.1%   VRAM: 8.2%  │
│                                326.6%      20.2%                             │
│                                                                              │
│  Summary          Value    Evaluate      3s  50%    Losses            Value  │
│  Env        wolf_rabbit      Forwa…      2s  26%    policy_loss      -0.057  │
│  Params            5.9K      Env         0s   4%    value_loss        0.031  │
│  Steps             9.6M      Copy        0s  19%    entropy           0.602  │
│  SPS             183.7K      Misc        0s   0%    old_approx_kl     0.000  │
│  Epoch              147    Train         3s  49%    approx_kl         0.000  │
│  Uptime             56s      Forwa…      0s   4%    clipfrac          0.001  │
│  Remaini…           12s      Learn       1s  13%    importance        1.000  │
│                              Copy        0s   2%    explained_var…    0.203  │
│                              Misc        0s  17%                             │
│                                                                              │
│  User Stats                    Value    User Stats                    Value  │
╰──────────────────────────────────────────────────────────────────────────────╯

  step=  9633792  eval_eaten= 0.00  trail_avg= 0.00
[0;0H╭──────────────────────────────────────────────────────────────────────────────╮
│  PufferLib 3.0 🐡               CPU:       GPU:     DRAM: 5.1%   VRAM: 8.2%  │
│                                326.6%      20.2%                             │
│                                                                              │
│  Summary          Value    Evaluate      3s  50%    Losses            Value  │
│  Env        wolf_rabbit      Forwa…      2s  26%    policy_loss      -0.042  │
│  Params            5.9K      Env         0s   4%    value_loss        0.030  │
│  Steps             9.7M      Copy        0s  19%    entropy           0.593  │
│  SPS             183.0K      Misc        0s   0%    old_approx_kl     0.001  │
│  Epoch              148    Train         3s  49%    approx_kl         0.000  │
│  Uptime             57s      Forwa…      0s   4%    clipfrac          0.001  │
│  Remaini…           12s      Learn       1s  13%    importance        1.000  │
│                              Copy        0s   2%    explained_var…    0.210  │
│                              Misc        0s  17%                             │
│                                                                              │
│  User Stats                    Value    User Stats                    Value  │
╰──────────────────────────────────────────────────────────────────────────────╯

  step=  9699328  eval_eaten= 0.00  trail_avg= 0.00
[0;0H╭──────────────────────────────────────────────────────────────────────────────╮
│  PufferLib 3.0          🐡      CPU:       GPU:     DRAM: 5.1%   VRAM: 8.2%  │
│                                326.6%      20.2%                             │
│                                                                              │
│  Summary          Value    Evaluate      3s  50%    Losses            Value  │
│  Env        wolf_rabbit      Forwa…      2s  26%    policy_loss      -0.028  │
│  Params            5.9K      Env         0s   4%    value_loss        0.029  │
│  Steps             9.8M      Copy        0s  19%    entropy           0.603  │
│  SPS             199.5K      Misc        0s   0%    old_approx_kl     0.000  │
│  Epoch              149    Train         3s  49%    approx_kl         0.000  │
│  Uptime             57s      Forwa…      0s   4%    clipfrac          0.001  │
│  Remaini…           11s      Learn       1s  13%    importance        1.000  │
│                              Copy        0s   2%    explained_var…    0.209  │
│                              Misc        0s  17%                             │
│                                                                              │
│  User Stats                    Value    User Stats                    Value  │
╰──────────────────────────────────────────────────────────────────────────────╯

  step=  9764864  eval_eaten= 0.00  trail_avg= 0.00
[0;0H╭──────────────────────────────────────────────────────────────────────────────╮
│  PufferLib 3.0         🐡       CPU:       GPU:     DRAM: 5.1%   VRAM: 8.2%  │
│                                326.6%      20.4%                             │
│                                                                              │
│  Summary          Value    Evaluate      3s  50%    Losses            Value  │
│  Env        wolf_rabbit      Forwa…      2s  26%    policy_loss      -0.028  │
│  Params            5.9K      Env         0s   4%    value_loss        0.026  │
│  Steps             9.8M      Copy        0s  19%    entropy           0.575  │
│  SPS             141.0K      Misc        0s   0%    old_approx_kl     0.000  │
│  Epoch              150    Train         3s  49%    approx_kl         0.000  │
│  Uptime             58s      Forwa…      0s   4%    clipfrac          0.001  │
│  Remaini…           15s      Learn       1s  13%    importance        1.000  │
│                              Copy        0s   2%    explained_var…    0.244  │
│                              Misc        0s  17%                             │
│                                                                              │
│  User Stats                    Value    User Stats                    Value  │
╰──────────────────────────────────────────────────────────────────────────────╯

  step=  9830400  eval_eaten= 0.00  trail_avg= 0.00
[0;0H╭──────────────────────────────────────────────────────────────────────────────╮
│  PufferLib 3.0        🐡        CPU:       GPU:     DRAM: 5.1%   VRAM: 8.2%  │
│                                326.6%      20.4%                             │
│                                                                              │
│  Summary          Value    Evaluate      3s  50%    Losses            Value  │
│  Env        wolf_rabbit      Forwa…      2s  26%    policy_loss      -0.030  │
│  Params            5.9K      Env         0s   4%    value_loss        0.031  │
│  Steps             9.9M      Copy        0s  19%    entropy           0.621  │
│  SPS             175.4K      Misc        0s   0%    old_approx_kl     0.001  │
│  Epoch              151    Train         3s  49%    approx_kl         0.000  │
│  Uptime             58s      Forwa…      0s   4%    clipfrac          0.000  │
│  Remaini…           11s      Learn       1s  13%    importance        1.000  │
│                              Copy        0s   2%    explained_var…    0.193  │
│                              Misc        0s  17%                             │
│                                                                              │
│  User Stats                    Value    User Stats                    Value  │
╰──────────────────────────────────────────────────────────────────────────────╯

  step=  9895936  eval_eaten= 0.00  trail_avg= 0.00
[0;0H╭──────────────────────────────────────────────────────────────────────────────╮
│  PufferLib 3.0       🐡         CPU:       GPU:     DRAM: 5.1%   VRAM: 8.2%  │
│                                327.6%      20.2%                             │
│                                                                              │
│  Summary          Value    Evaluate      3s  46%    Losses            Value  │
│  Env        wolf_rabbit      Forwa…      2s  26%    policy_loss      -0.043  │
│  Params            5.9K      Env         0s   3%    value_loss        0.031  │
│  Steps            10.0M      Copy        0s  16%    entropy           0.606  │
│  SPS             174.0K      Misc        0s   0%    old_approx_kl     0.000  │
│  Epoch              152    Train         3s  53%    approx_kl         0.000  │
│  Uptime             58s      Forwa…      0s   6%    clipfrac          0.000  │
│  Remaini…           11s      Learn       1s  11%    importance        1.000  │
│                              Copy        0s   7%    explained_var…    0.164  │
│                              Misc        0s  16%                             │
│                                                                              │
│  User Stats                    Value    User Stats                    Value  │
╰──────────────────────────────────────────────────────────────────────────────╯

  step=  9961472  eval_eaten= 0.00  trail_avg= 0.00
[0;0H╭──────────────────────────────────────────────────────────────────────────────╮
│  PufferLib 3.0      🐡          CPU:       GPU:     DRAM: 5.1%   VRAM: 8.2%  │
│                                327.6%      20.2%                             │
│                                                                              │
│  Summary          Value    Evaluate      3s  46%    Losses            Value  │
│  Env        wolf_rabbit      Forwa…      2s  26%    policy_loss      -0.054  │
│  Params            5.9K      Env         0s   3%    value_loss        0.029  │
│  Steps            10.0M      Copy        0s  16%    entropy           0.595  │
│  SPS             163.3K      Misc        0s   0%    old_approx_kl     0.000  │
│  Epoch              153    Train         3s  53%    approx_kl         0.000  │
│  Uptime             59s      Forwa…      0s   6%    clipfrac          0.000  │
│  Remaini…           12s      Learn       1s  11%    importance        1.000  │
│                              Copy        0s   7%    explained_var…    0.146  │
│                              Misc        0s  16%                             │
│                                                                              │
│  User Stats                    Value    User Stats                    Value  │
╰──────────────────────────────────────────────────────────────────────────────╯

  step= 10027008  eval_eaten= 0.00  trail_avg= 0.00
[0;0H╭──────────────────────────────────────────────────────────────────────────────╮
│  PufferLib 3.0     🐡           CPU:       GPU:     DRAM: 5.1%   VRAM: 8.2%  │
│                                327.6%      20.2%                             │
│                                                                              │
│  Summary          Value    Evaluate      3s  46%    Losses            Value  │
│  Env        wolf_rabbit      Forwa…      2s  26%    policy_loss      -0.055  │
│  Params            5.9K      Env         0s   3%    value_loss        0.034  │
│  Steps            10.1M      Copy        0s  16%    entropy           0.607  │
│  SPS             157.5K      Misc        0s   0%    old_approx_kl     0.000  │
│  Epoch              154    Train         3s  53%    approx_kl         0.000  │
│  Uptime             59s      Forwa…      0s   6%    clipfrac          0.001  │
│  Remaini…           12s      Learn       1s  11%    importance        1.000  │
│                              Copy        0s   7%    explained_var…    0.145  │
│                              Misc        0s  16%                             │
│                                                                              │
│  User Stats                    Value    User Stats                    Value  │
╰──────────────────────────────────────────────────────────────────────────────╯

  step= 10092544  eval_eaten= 0.00  trail_avg= 0.00
[0;0H╭──────────────────────────────────────────────────────────────────────────────╮
│  PufferLib 3.0    🐡            CPU:       GPU:     DRAM: 5.1%   VRAM: 8.2%  │
│                                327.2%      20.3%                             │
│                                                                              │
│  Summary          Value    Evaluate      3s  46%    Losses            Value  │
│  Env        wolf_rabbit      Forwa…      2s  26%    policy_loss      -0.034  │
│  Params            5.9K      Env         0s   3%    value_loss        0.029  │
│  Steps            10.2M      Copy        0s  16%    entropy           0.593  │
│  SPS             163.1K      Misc        0s   0%    old_approx_kl     0.000  │
│  Epoch              155    Train         3s  53%    approx_kl         0.000  │
│  Uptime           1m 0s      Forwa…      0s   6%    clipfrac          0.000  │
│  Remaini…           11s      Learn       1s  11%    importance        1.000  │
│                              Copy        0s   7%    explained_var…    0.161  │
│                              Misc        0s  16%                             │
│                                                                              │
│  User Stats                    Value    User Stats                    Value  │
╰──────────────────────────────────────────────────────────────────────────────╯

  step= 10158080  eval_eaten= 0.00  trail_avg= 0.00
[0;0H╭──────────────────────────────────────────────────────────────────────────────╮
│  PufferLib 3.0   🐡             CPU:       GPU:     DRAM: 5.1%   VRAM: 8.2%  │
│                                327.2%      20.3%                             │
│                                                                              │
│  Summary          Value    Evaluate      3s  46%    Losses            Value  │
│  Env        wolf_rabbit      Forwa…      2s  26%    policy_loss      -0.011  │
│  Params            5.9K      Env         0s   3%    value_loss        0.028  │
│  Steps            10.2M      Copy        0s  16%    entropy           0.583  │
│  SPS             200.0K      Misc        0s   0%    old_approx_kl     0.000  │
│  Epoch              156    Train         3s  53%    approx_kl         0.000  │
│  Uptime           1m 0s      Forwa…      0s   6%    clipfrac          0.000  │
│  Remaini…            8s      Learn       1s  11%    importance        1.000  │
│                              Copy        0s   7%    explained_var…    0.182  │
│                              Misc        0s  16%                             │
│                                                                              │
│  User Stats                    Value    User Stats                    Value  │
╰──────────────────────────────────────────────────────────────────────────────╯

  step= 10223616  eval_eaten= 0.00  trail_avg= 0.00
[0;0H╭──────────────────────────────────────────────────────────────────────────────╮
│  PufferLib 3.0  🐡              CPU:       GPU:     DRAM: 5.1%   VRAM: 8.2%  │
│                                327.2%      20.2%                             │
│                                                                              │
│  Summary          Value    Evaluate      3s  38%    Losses            Value  │
│  Env        wolf_rabbit      Forwa…      2s  18%    policy_loss      -0.006  │
│  Params            5.9K      Env         0s   3%    value_loss        0.031  │
│  Steps            10.3M      Copy        0s  16%    entropy           0.604  │
│  SPS             188.3K      Misc        0s   0%    old_approx_kl     0.000  │
│  Epoch              157    Train         3s  61%    approx_kl         0.000  │
│  Uptime           1m 0s      Forwa…      0s   6%    clipfrac          0.000  │
│  Remaini…            9s      Learn       1s  51%    importance        1.000  │
│                              Copy        0s   6%    explained_var…    0.182  │
│                              Misc        0s  18%                             │
│                                                                              │
│  User Stats                    Value    User Stats                    Value  │
╰──────────────────────────────────────────────────────────────────────────────╯

  step= 10289152  eval_eaten= 0.00  trail_avg= 0.00
[0;0H╭──────────────────────────────────────────────────────────────────────────────╮
│  PufferLib 3.0 🐡               CPU:       GPU:     DRAM: 5.1%   VRAM: 8.2%  │
│                                327.2%      20.2%                             │
│                                                                              │
│  Summary          Value    Evaluate      3s  38%    Losses            Value  │
│  Env        wolf_rabbit      Forwa…      2s  18%    policy_loss      -0.031  │
│  Params            5.9K      Env         0s   3%    value_loss        0.032  │
│  Steps            10.4M      Copy        0s  16%    entropy           0.588  │
│  SPS             166.1K      Misc        0s   0%    old_approx_kl     0.000  │
│  Epoch              158    Train         3s  61%    approx_kl         0.000  │
│  Uptime           1m 1s      Forwa…      0s   6%    clipfrac          0.000  │
│  Remaini…            9s      Learn       1s  51%    importance        1.000  │
│                              Copy        0s   6%    explained_var…    0.185  │
│                              Misc        0s  18%                             │
│                                                                              │
│  User Stats                    Value    User Stats                    Value  │
╰──────────────────────────────────────────────────────────────────────────────╯

  step= 10354688  eval_eaten= 0.00  trail_avg= 0.00
[0;0H╭──────────────────────────────────────────────────────────────────────────────╮
│  PufferLib 3.0          🐡      CPU:       GPU:     DRAM: 5.1%   VRAM: 8.2%  │
│                                327.2%      20.2%                             │
│                                                                              │
│  Summary          Value    Evaluate      3s  38%    Losses            Value  │
│  Env        wolf_rabbit      Forwa…      2s  18%    policy_loss      -0.032  │
│  Params            5.9K      Env         0s   3%    value_loss        0.031  │
│  Steps            10.4M      Copy        0s  16%    entropy           0.583  │
│  SPS             192.1K      Misc        0s   0%    old_approx_kl     0.000  │
│  Epoch              159    Train         3s  61%    approx_kl         0.000  │
│  Uptime           1m 1s      Forwa…      0s   6%    clipfrac          0.000  │
│  Remaini…            8s      Learn       1s  51%    importance        1.000  │
│                              Copy        0s   6%    explained_var…    0.192  │
│                              Misc        0s  18%                             │
│                                                                              │
│  User Stats                    Value    User Stats                    Value  │
╰──────────────────────────────────────────────────────────────────────────────╯

  step= 10420224  eval_eaten= 0.00  trail_avg= 0.00
[0;0H╭──────────────────────────────────────────────────────────────────────────────╮
│  PufferLib 3.0         🐡       CPU:       GPU:     DRAM: 5.1%   VRAM: 8.2%  │
│                                327.5%      20.3%                             │
│                                                                              │
│  Summary          Value    Evaluate      3s  38%    Losses            Value  │
│  Env        wolf_rabbit      Forwa…      2s  18%    policy_loss      -0.010  │
│  Params            5.9K      Env         0s   3%    value_loss        0.030  │
│  Steps            10.5M      Copy        0s  16%    entropy           0.606  │
│  SPS             175.5K      Misc        0s   0%    old_approx_kl     0.000  │
│  Epoch              160    Train         3s  61%    approx_kl         0.000  │
│  Uptime           1m 1s      Forwa…      0s   6%    clipfrac          0.000  │
│  Remaini…            8s      Learn       1s  51%    importance        1.000  │
│                              Copy        0s   6%    explained_var…    0.187  │
│                              Misc        0s  18%                             │
│                                                                              │
│  User Stats                    Value    User Stats                    Value  │
╰──────────────────────────────────────────────────────────────────────────────╯

  step= 10485760  eval_eaten= 0.00  trail_avg= 0.00
[0;0H╭──────────────────────────────────────────────────────────────────────────────╮
│  PufferLib 3.0        🐡        CPU:       GPU:     DRAM: 5.1%   VRAM: 8.2%  │
│                                327.5%      20.3%                             │
│                                                                              │
│  Summary          Value    Evaluate      3s  38%    Losses            Value  │
│  Env        wolf_rabbit      Forwa…      2s  18%    policy_loss      -0.049  │
│  Params            5.9K      Env         0s   3%    value_loss        0.029  │
│  Steps            10.6M      Copy        0s  16%    entropy           0.586  │
│  SPS             174.5K      Misc        0s   0%    old_approx_kl     0.000  │
│  Epoch              161    Train         3s  61%    approx_kl         0.000  │
│  Uptime           1m 2s      Forwa…      0s   6%    clipfrac          0.000  │
│  Remaini…            8s      Learn       1s  51%    importance        1.000  │
│                              Copy        0s   6%    explained_var…    0.159  │
│                              Misc        0s  18%                             │
│                                                                              │
│  User Stats                    Value    User Stats                    Value  │
╰──────────────────────────────────────────────────────────────────────────────╯

  step= 10551296  eval_eaten= 0.00  trail_avg= 0.00
[0;0H╭──────────────────────────────────────────────────────────────────────────────╮
│  PufferLib 3.0       🐡         CPU:       GPU:     DRAM: 5.1%   VRAM: 8.2%  │
│                                327.5%      20.3%                             │
│                                                                              │
│  Summary          Value    Evaluate      3s  40%    Losses            Value  │
│  Env        wolf_rabbit      Forwa…      2s  22%    policy_loss      -0.016  │
│  Params            5.9K      Env         0s   3%    value_loss        0.031  │
│  Steps            10.6M      Copy        0s  15%    entropy           0.611  │
│  SPS             182.6K      Misc        0s   0%    old_approx_kl     0.000  │
│  Epoch              162    Train         3s  59%    approx_kl         0.000  │
│  Uptime           1m 2s      Forwa…      0s   3%    clipfrac          0.000  │
│  Remaini…            7s      Learn       1s  45%    importance        1.000  │
│                              Copy        0s   2%    explained_var…    0.181  │
│                              Misc        0s  12%                             │
│                                                                              │
│  User Stats                    Value    User Stats                    Value  │
╰──────────────────────────────────────────────────────────────────────────────╯

  step= 10616832  eval_eaten= 0.00  trail_avg= 0.00
[0;0H╭──────────────────────────────────────────────────────────────────────────────╮
│  PufferLib 3.0      🐡          CPU:       GPU:     DRAM: 5.1%   VRAM: 8.2%  │
│                                328.2%      20.6%                             │
│                                                                              │
│  Summary          Value    Evaluate      3s  40%    Losses            Value  │
│  Env        wolf_rabbit      Forwa…      2s  22%    policy_loss      -0.019  │
│  Params            5.9K      Env         0s   3%    value_loss        0.028  │
│  Steps            10.7M      Copy        0s  15%    entropy           0.584  │
│  SPS             169.8K      Misc        0s   0%    old_approx_kl     0.000  │
│  Epoch              163    Train         3s  59%    approx_kl         0.000  │
│  Uptime           1m 3s      Forwa…      0s   3%    clipfrac          0.000  │
│  Remaini…            7s      Learn       1s  45%    importance        1.000  │
│                              Copy        0s   2%    explained_var…    0.185  │
│                              Misc        0s  12%                             │
│                                                                              │
│  User Stats                    Value    User Stats                    Value  │
╰──────────────────────────────────────────────────────────────────────────────╯

  step= 10682368  eval_eaten= 0.00  trail_avg= 0.00
[0;0H╭──────────────────────────────────────────────────────────────────────────────╮
│  PufferLib 3.0     🐡           CPU:       GPU:     DRAM: 5.1%   VRAM: 8.2%  │
│                                328.2%      20.6%                             │
│                                                                              │
│  Summary          Value    Evaluate      3s  40%    Losses            Value  │
│  Env        wolf_rabbit      Forwa…      2s  22%    policy_loss      -0.028  │
│  Params            5.9K      Env         0s   3%    value_loss        0.035  │
│  Steps            10.7M      Copy        0s  15%    entropy           0.630  │
│  SPS             188.2K      Misc        0s   0%    old_approx_kl     0.000  │
│  Epoch              164    Train         3s  59%    approx_kl         0.000  │
│  Uptime           1m 3s      Forwa…      0s   3%    clipfrac          0.000  │
│  Remaini…            6s      Learn       1s  45%    importance        1.000  │
│                              Copy        0s   2%    explained_var…    0.148  │
│                              Misc        0s  12%                             │
│                                                                              │
│  User Stats                    Value    User Stats                    Value  │
╰──────────────────────────────────────────────────────────────────────────────╯

  step= 10747904  eval_eaten= 0.00  trail_avg= 0.00
[0;0H╭──────────────────────────────────────────────────────────────────────────────╮
│  PufferLib 3.0    🐡            CPU:       GPU:     DRAM: 5.1%   VRAM: 8.2%  │
│                                327.4%      20.4%                             │
│                                                                              │
│  Summary          Value    Evaluate      3s  40%    Losses            Value  │
│  Env        wolf_rabbit      Forwa…      2s  22%    policy_loss      -0.020  │
│  Params            5.9K      Env         0s   3%    value_loss        0.030  │
│  Steps            10.8M      Copy        0s  15%    entropy           0.601  │
│  SPS             179.1K      Misc        0s   0%    old_approx_kl     0.000  │
│  Epoch              165    Train         3s  59%    approx_kl         0.000  │
│  Uptime           1m 3s      Forwa…      0s   3%    clipfrac          0.000  │
│  Remaini…            6s      Learn       1s  45%    importance        1.000  │
│                              Copy        0s   2%    explained_var…    0.195  │
│                              Misc        0s  12%                             │
│                                                                              │
│  User Stats                    Value    User Stats                    Value  │
╰──────────────────────────────────────────────────────────────────────────────╯

  step= 10813440  eval_eaten= 0.00  trail_avg= 0.00
[0;0H╭──────────────────────────────────────────────────────────────────────────────╮
│  PufferLib 3.0   🐡             CPU:       GPU:     DRAM: 5.1%   VRAM: 8.2%  │
│                                327.4%      20.4%                             │
│                                                                              │
│  Summary          Value    Evaluate      3s  40%    Losses            Value  │
│  Env        wolf_rabbit      Forwa…      2s  22%    policy_loss      -0.067  │
│  Params            5.9K      Env         0s   3%    value_loss        0.033  │
│  Steps            10.9M      Copy        1s  15%    entropy           0.613  │
│  SPS             206.0K      Misc        0s   0%    old_approx_kl     0.000  │
│  Epoch              166    Train         3s  59%    approx_kl         0.000  │
│  Uptime           1m 4s      Forwa…      0s   3%    clipfrac          0.000  │
│  Remaini…            5s      Learn       1s  45%    importance        1.000  │
│                              Copy        0s   2%    explained_var…    0.155  │
│                              Misc        1s  12%                             │
│                                                                              │
│  User Stats                    Value    User Stats                    Value  │
╰──────────────────────────────────────────────────────────────────────────────╯

  step= 10878976  eval_eaten= 0.00  trail_avg= 0.00
[0;0H╭──────────────────────────────────────────────────────────────────────────────╮
│  PufferLib 3.0  🐡              CPU:       GPU:     DRAM: 5.1%   VRAM: 8.2%  │
│                                327.4%      20.4%                             │
│                                                                              │
│  Summary          Value    Evaluate      3s  46%    Losses            Value  │
│  Env        wolf_rabbit      Forwa…      2s  22%    policy_loss      -0.035  │
│  Params            5.9K      Env         0s   3%    value_loss        0.032  │
│  Steps            10.9M      Copy        1s  19%    entropy           0.606  │
│  SPS             179.9K      Misc        0s   0%    old_approx_kl     0.000  │
│  Epoch              167    Train         3s  53%    approx_kl         0.000  │
│  Uptime           1m 4s      Forwa…      0s   4%    clipfrac          0.000  │
│  Remaini…            5s      Learn       1s  12%    importance        1.000  │
│                              Copy        0s   5%    explained_var…    0.143  │
│                              Misc        1s  15%                             │
│                                                                              │
│  User Stats                    Value    User Stats                    Value  │
╰──────────────────────────────────────────────────────────────────────────────╯

  step= 10944512  eval_eaten= 0.00  trail_avg= 0.00
[0;0H╭──────────────────────────────────────────────────────────────────────────────╮
│  PufferLib 3.0 🐡               CPU:       GPU:     DRAM: 5.1%   VRAM: 8.2%  │
│                                327.3%      20.3%                             │
│                                                                              │
│  Summary          Value    Evaluate      3s  46%    Losses            Value  │
│  Env        wolf_rabbit      Forwa…      2s  22%    policy_loss      -0.028  │
│  Params            5.9K      Env         0s   3%    value_loss        0.030  │
│  Steps            11.0M      Copy        1s  19%    entropy           0.583  │
│  SPS             205.3K      Misc        0s   0%    old_approx_kl     0.000  │
│  Epoch              168    Train         3s  53%    approx_kl         0.000  │
│  Uptime           1m 4s      Forwa…      0s   4%    clipfrac          0.000  │
│  Remaini…            4s      Learn       1s  12%    importance        1.000  │
│                              Copy        0s   5%    explained_var…    0.175  │
│                              Misc        1s  15%                             │
│                                                                              │
│  User Stats                    Value    User Stats                    Value  │
╰──────────────────────────────────────────────────────────────────────────────╯

  step= 11010048  eval_eaten= 0.00  trail_avg= 0.00
[0;0H╭──────────────────────────────────────────────────────────────────────────────╮
│  PufferLib 3.0          🐡      CPU:       GPU:     DRAM: 5.1%   VRAM: 8.2%  │
│                                327.3%      20.3%                             │
│                                                                              │
│  Summary          Value    Evaluate      3s  46%    Losses            Value  │
│  Env        wolf_rabbit      Forwa…      2s  22%    policy_loss      -0.030  │
│  Params            5.9K      Env         0s   3%    value_loss        0.031  │
│  Steps            11.1M      Copy        1s  19%    entropy           0.609  │
│  SPS             190.9K      Misc        0s   0%    old_approx_kl     0.000  │
│  Epoch              169    Train         3s  53%    approx_kl         0.000  │
│  Uptime           1m 5s      Forwa…      0s   4%    clipfrac          0.000  │
│  Remaini…            4s      Learn       1s  12%    importance        1.000  │
│                              Copy        0s   5%    explained_var…    0.148  │
│                              Misc        1s  15%                             │
│                                                                              │
│  User Stats                    Value    User Stats                    Value  │
╰──────────────────────────────────────────────────────────────────────────────╯

  step= 11075584  eval_eaten= 0.00  trail_avg= 0.00
[0;0H╭──────────────────────────────────────────────────────────────────────────────╮
│  PufferLib 3.0         🐡       CPU:       GPU:     DRAM: 5.1%   VRAM: 8.2%  │
│                                327.3%      20.3%                             │
│                                                                              │
│  Summary          Value    Evaluate      3s  46%    Losses            Value  │
│  Env        wolf_rabbit      Forwa…      2s  22%    policy_loss      -0.034  │
│  Params            5.9K      Env         0s   3%    value_loss        0.032  │
│  Steps            11.1M      Copy        1s  19%    entropy           0.600  │
│  SPS             143.7K      Misc        0s   0%    old_approx_kl     0.000  │
│  Epoch              170    Train         3s  53%    approx_kl         0.000  │
│  Uptime           1m 5s      Forwa…      0s   4%    clipfrac          0.000  │
│  Remaini…            5s      Learn       1s  12%    importance        1.000  │
│                              Copy        0s   5%    explained_var…    0.140  │
│                              Misc        1s  15%                             │
│                                                                              │
│  User Stats                    Value    User Stats                    Value  │
╰──────────────────────────────────────────────────────────────────────────────╯

  step= 11141120  eval_eaten= 0.00  trail_avg= 0.00
[0;0H╭──────────────────────────────────────────────────────────────────────────────╮
│  PufferLib 3.0        🐡        CPU:       GPU:     DRAM: 5.1%   VRAM: 8.2%  │
│                                325.2%      20.2%                             │
│                                                                              │
│  Summary          Value    Evaluate      3s  46%    Losses            Value  │
│  Env        wolf_rabbit      Forwa…      2s  22%    policy_loss      -0.006  │
│  Params            5.9K      Env         0s   3%    value_loss        0.033  │
│  Steps            11.2M      Copy        1s  19%    entropy           0.602  │
│  SPS             141.0K      Misc        0s   0%    old_approx_kl     0.000  │
│  Epoch              171    Train         3s  53%    approx_kl         0.000  │
│  Uptime           1m 6s      Forwa…      0s   4%    clipfrac          0.000  │
│  Remaini…            5s      Learn       1s  12%    importance        1.000  │
│                              Copy        0s   5%    explained_var…    0.158  │
│                              Misc        1s  15%                             │
│                                                                              │
│  User Stats                    Value    User Stats                    Value  │
╰──────────────────────────────────────────────────────────────────────────────╯

  step= 11206656  eval_eaten= 0.00  trail_avg= 0.00
[0;0H╭──────────────────────────────────────────────────────────────────────────────╮
│  PufferLib 3.0       🐡         CPU:       GPU:     DRAM: 5.1%   VRAM: 8.2%  │
│                                325.2%      20.2%                             │
│                                                                              │
│  Summary          Value    Evaluate      3s  51%    Losses            Value  │
│  Env        wolf_rabbit      Forwa…      2s  32%    policy_loss      -0.034  │
│  Params            5.9K      Env         0s   2%    value_loss        0.033  │
│  Steps            11.3M      Copy        1s  16%    entropy           0.596  │
│  SPS             145.8K      Misc        0s   0%    old_approx_kl     0.000  │
│  Epoch              172    Train         3s  48%    approx_kl         0.000  │
│  Uptime           1m 6s      Forwa…      0s   3%    clipfrac          0.000  │
│  Remaini…            4s      Learn       1s  36%    importance        1.000  │
│                              Copy        0s   4%    explained_var…    0.127  │
│                              Misc        1s  12%                             │
│                                                                              │
│  User Stats                    Value    User Stats                    Value  │
╰──────────────────────────────────────────────────────────────────────────────╯

  step= 11272192  eval_eaten= 0.00  trail_avg= 0.00
[0;0H╭──────────────────────────────────────────────────────────────────────────────╮
│  PufferLib 3.0      🐡          CPU:       GPU:     DRAM: 5.1%   VRAM: 8.2%  │
│                                324.6%      20.1%                             │
│                                                                              │
│  Summary          Value    Evaluate      3s  51%    Losses            Value  │
│  Env        wolf_rabbit      Forwa…      2s  32%    policy_loss      -0.001  │
│  Params            5.9K      Env         0s   2%    value_loss        0.029  │
│  Steps            11.3M      Copy        1s  16%    entropy           0.581  │
│  SPS             136.5K      Misc        0s   0%    old_approx_kl     0.000  │
│  Epoch              173    Train         3s  48%    approx_kl         0.000  │
│  Uptime           1m 7s      Forwa…      0s   3%    clipfrac          0.000  │
│  Remaini…            4s      Learn       1s  36%    importance        1.000  │
│                              Copy        0s   4%    explained_var…    0.168  │
│                              Misc        1s  12%                             │
│                                                                              │
│  User Stats                    Value    User Stats                    Value  │
╰──────────────────────────────────────────────────────────────────────────────╯

  step= 11337728  eval_eaten= 0.00  trail_avg= 0.00
[0;0H╭──────────────────────────────────────────────────────────────────────────────╮
│  PufferLib 3.0     🐡           CPU:       GPU:     DRAM: 5.1%   VRAM: 8.2%  │
│                                324.6%      20.1%                             │
│                                                                              │
│  Summary          Value    Evaluate      3s  51%    Losses            Value  │
│  Env        wolf_rabbit      Forwa…      2s  32%    policy_loss      -0.005  │
│  Params            5.9K      Env         0s   2%    value_loss        0.032  │
│  Steps            11.4M      Copy        1s  16%    entropy           0.604  │
│  SPS             161.5K      Misc        0s   0%    old_approx_kl    -0.000  │
│  Epoch              174    Train         3s  48%    approx_kl         0.000  │
│  Uptime           1m 7s      Forwa…      0s   3%    clipfrac          0.000  │
│  Remaini…            3s      Learn       1s  36%    importance        1.000  │
│                              Copy        0s   4%    explained_var…    0.135  │
│                              Misc        1s  12%                             │
│                                                                              │
│  User Stats                    Value    User Stats                    Value  │
╰──────────────────────────────────────────────────────────────────────────────╯

  step= 11403264  eval_eaten= 0.00  trail_avg= 0.00
[0;0H╭──────────────────────────────────────────────────────────────────────────────╮
│  PufferLib 3.0    🐡            CPU:       GPU:     DRAM: 5.1%   VRAM: 8.2%  │
│                                324.6%      20.1%                             │
│                                                                              │
│  Summary          Value    Evaluate      3s  51%    Losses            Value  │
│  Env        wolf_rabbit      Forwa…      2s  32%    policy_loss      -0.027  │
│  Params            5.9K      Env         0s   2%    value_loss        0.030  │
│  Steps            11.5M      Copy        1s  16%    entropy           0.567  │
│  SPS             183.9K      Misc        0s   0%    old_approx_kl     0.000  │
│  Epoch              175    Train         3s  48%    approx_kl         0.000  │
│  Uptime           1m 7s      Forwa…      0s   3%    clipfrac          0.000  │
│  Remaini…            2s      Learn       1s  36%    importance        1.000  │
│                              Copy        0s   4%    explained_var…    0.155  │
│                              Misc        1s  12%                             │
│                                                                              │
│  User Stats                    Value    User Stats                    Value  │
╰──────────────────────────────────────────────────────────────────────────────╯

  step= 11468800  eval_eaten= 0.00  trail_avg= 0.00
[0;0H╭──────────────────────────────────────────────────────────────────────────────╮
│  PufferLib 3.0   🐡             CPU:       GPU:     DRAM: 5.1%   VRAM: 8.2%  │
│                                324.6%      20.1%                             │
│                                                                              │
│  Summary          Value    Evaluate      3s  51%    Losses            Value  │
│  Env        wolf_rabbit      Forwa…      2s  32%    policy_loss      -0.033  │
│  Params            5.9K      Env         0s   2%    value_loss        0.031  │
│  Steps            11.5M      Copy        1s  16%    entropy           0.602  │
│  SPS             188.1K      Misc        0s   0%    old_approx_kl    -0.000  │
│  Epoch              176    Train         3s  48%    approx_kl         0.000  │
│  Uptime           1m 8s      Forwa…      0s   3%    clipfrac          0.000  │
│  Remaini…            2s      Learn       1s  36%    importance        1.000  │
│                              Copy        0s   4%    explained_var…    0.163  │
│                              Misc        1s  12%                             │
│                                                                              │
│  User Stats                    Value    User Stats                    Value  │
╰──────────────────────────────────────────────────────────────────────────────╯

  step= 11534336  eval_eaten= 0.00  trail_avg= 0.00
[0;0H╭──────────────────────────────────────────────────────────────────────────────╮
│  PufferLib 3.0  🐡              CPU:       GPU:     DRAM: 5.1%   VRAM: 8.2%  │
│                                324.6%      20.1%                             │
│                                                                              │
│  Summary          Value    Evaluate      3s  51%    Losses            Value  │
│  Env        wolf_rabbit      Forwa…      2s  29%    policy_loss      -0.017  │
│  Params            5.9K      Env         0s   3%    value_loss        0.031  │
│  Steps            11.6M      Copy        1s  17%    entropy           0.599  │
│  SPS             189.6K      Misc        0s   0%    old_approx_kl    -0.000  │
│  Epoch              177    Train         3s  48%    approx_kl         0.000  │
│  Uptime           1m 8s      Forwa…      0s   5%    clipfrac          0.000  │
│  Remaini…            2s      Learn       1s  13%    importance        1.000  │
│                              Copy        0s   4%    explained_var…    0.146  │
│                              Misc        1s  16%                             │
│                                                                              │
│  User Stats                    Value    User Stats                    Value  │
╰──────────────────────────────────────────────────────────────────────────────╯

  step= 11599872  eval_eaten= 0.00  trail_avg= 0.00
[0;0H╭──────────────────────────────────────────────────────────────────────────────╮
│  PufferLib 3.0 🐡               CPU:       GPU:     DRAM: 5.1%   VRAM: 8.2%  │
│                                325.2%      20.2%                             │
│                                                                              │
│  Summary          Value    Evaluate      3s  51%    Losses            Value  │
│  Env        wolf_rabbit      Forwa…      2s  29%    policy_loss      -0.055  │
│  Params            5.9K      Env         0s   3%    value_loss        0.034  │
│  Steps            11.7M      Copy        1s  17%    entropy           0.626  │
│  SPS             190.9K      Misc        0s   0%    old_approx_kl     0.000  │
│  Epoch              178    Train         3s  48%    approx_kl         0.000  │
│  Uptime           1m 8s      Forwa…      0s   5%    clipfrac          0.000  │
│  Remaini…            1s      Learn       1s  13%    importance        1.000  │
│                              Copy        0s   4%    explained_var…    0.137  │
│                              Misc        1s  16%                             │
│                                                                              │
│  User Stats                    Value    User Stats                    Value  │
╰──────────────────────────────────────────────────────────────────────────────╯

  step= 11665408  eval_eaten= 0.00  trail_avg= 0.00
[0;0H╭──────────────────────────────────────────────────────────────────────────────╮
│  PufferLib 3.0          🐡      CPU:       GPU:     DRAM: 5.1%   VRAM: 8.2%  │
│                                325.2%      20.2%                             │
│                                                                              │
│  Summary          Value    Evaluate      3s  51%    Losses            Value  │
│  Env        wolf_rabbit      Forwa…      2s  29%    policy_loss      -0.007  │
│  Params            5.9K      Env         0s   3%    value_loss        0.031  │
│  Steps            11.7M      Copy        1s  17%    entropy           0.603  │
│  SPS             184.1K      Misc        0s   0%    old_approx_kl    -0.000  │
│  Epoch              179    Train         3s  48%    approx_kl         0.000  │
│  Uptime           1m 9s      Forwa…      0s   5%    clipfrac          0.000  │
│  Remaini…            1s      Learn       1s  13%    importance        1.000  │
│                              Copy        0s   4%    explained_var…    0.153  │
│                              Misc        1s  16%                             │
│                                                                              │
│  User Stats                    Value    User Stats                    Value  │
╰──────────────────────────────────────────────────────────────────────────────╯

  step= 11730944  eval_eaten= 0.00  trail_avg= 0.00
[0;0H╭──────────────────────────────────────────────────────────────────────────────╮
│  PufferLib 3.0         🐡       CPU:       GPU:     DRAM: 5.1%   VRAM: 8.2%  │
│                                325.2%      20.2%                             │
│                                                                              │
│  Summary          Value    Evaluate      3s  51%    Losses            Value  │
│  Env        wolf_rabbit      Forwa…      2s  29%    policy_loss      -0.026  │
│  Params            5.9K      Env         0s   3%    value_loss        0.032  │
│  Steps            11.8M      Copy        1s  17%    entropy           0.595  │
│  SPS             179.7K      Misc        0s   0%    old_approx_kl     0.000  │
│  Epoch              180    Train         3s  48%    approx_kl         0.000  │
│  Uptime           1m 9s      Forwa…      0s   5%    clipfrac          0.000  │
│  Remaini…            1s      Learn       1s  13%    importance        1.000  │
│                              Copy        0s   4%    explained_var…    0.157  │
│                              Misc        1s  16%                             │
│                                                                              │
│  User Stats                    Value    User Stats                    Value  │
╰──────────────────────────────────────────────────────────────────────────────╯

  step= 11796480  eval_eaten= 0.00  trail_avg= 0.00
[0;0H╭──────────────────────────────────────────────────────────────────────────────╮
│  PufferLib 3.0        🐡        CPU:       GPU:     DRAM: 5.1%   VRAM: 8.2%  │
│                                326.2%      20.3%                             │
│                                                                              │
│  Summary          Value    Evaluate      4s  51%    Losses            Value  │
│  Env        wolf_rabbit      Forwa…      2s  29%    policy_loss      -0.072  │
│  Params            5.9K      Env         0s   3%    value_loss        0.034  │
│  Steps            11.9M      Copy        1s  17%    entropy           0.627  │
│  SPS             168.7K      Misc        0s   0%    old_approx_kl     0.000  │
│  Epoch              181    Train         3s  48%    approx_kl         0.000  │
│  Uptime          1m 10s      Forwa…      0s   5%    clipfrac          0.000  │
│  Remaini…            0s      Learn       1s  13%    importance        1.000  │
│                              Copy        0s   4%    explained_var…    0.141  │
│                              Misc        1s  16%                             │
│                                                                              │
│  User Stats                    Value    User Stats                    Value  │
╰──────────────────────────────────────────────────────────────────────────────╯

  step= 11862016  eval_eaten= 0.00  trail_avg= 0.00
[0;0H╭──────────────────────────────────────────────────────────────────────────────╮
│  PufferLib 3.0       🐡         CPU:       GPU:     DRAM: 5.1%   VRAM: 8.2%  │
│                                326.2%      20.3%                             │
│                                                                              │
│  Summary          Value    Evaluate      4s  47%    Losses            Value  │
│  Env        wolf_rabbit      Forwa…      2s  27%    policy_loss      -0.024  │
│  Params            5.9K      Env         0s   3%    value_loss        0.030  │
│  Steps            11.9M      Copy        1s  17%    entropy           0.603  │
│  SPS             171.4K      Misc        0s   0%    old_approx_kl     0.000  │
│  Epoch              182    Train         3s  52%    approx_kl         0.000  │
│  Uptime          1m 10s      Forwa…      0s   5%    clipfrac          0.000  │
│  Remaini…            0s      Learn       1s  41%    importance        1.000  │
│                              Copy        0s   4%    explained_var…    0.151  │
│                              Misc        1s  14%                             │
│                                                                              │
│  User Stats                    Value    User Stats                    Value  │
╰──────────────────────────────────────────────────────────────────────────────╯

  step= 11927552  eval_eaten= 0.00  trail_avg= 0.00
[0;0H╭──────────────────────────────────────────────────────────────────────────────╮
│  PufferLib 3.0      🐡          CPU:       GPU:     DRAM: 5.1%   VRAM: 8.2%  │
│                                326.2%      20.3%                             │
│                                                                              │
│  Summary          Value    Evaluate      4s  47%    Losses            Value  │
│  Env        wolf_rabbit      Forwa…      2s  27%    policy_loss      -0.068  │
│  Params            5.9K      Env         0s   3%    value_loss        0.034  │
│  Steps            12.0M      Copy        1s  17%    entropy           0.614  │
│  SPS             191.2K      Misc        0s   0%    old_approx_kl    -0.000  │
│  Epoch              183    Train         3s  52%    approx_kl         0.000  │
│  Uptime          1m 10s      Forwa…      0s   5%    clipfrac          0.000  │
│  Remaini…            0s      Learn       1s  41%    importance        1.000  │
│                              Copy        0s   4%    explained_var…    0.145  │
│                              Misc        1s  14%                             │
│                                                                              │
│  User Stats                    Value    User Stats                    Value  │
╰──────────────────────────────────────────────────────────────────────────────╯

  step= 11993088  eval_eaten= 0.00  trail_avg= 0.00
[0;0H╭──────────────────────────────────────────────────────────────────────────────╮
│  PufferLib 3.0     🐡           CPU:       GPU:     DRAM: 5.1%   VRAM: 8.2%  │
│                                326.8%      20.2%                             │
│                                                                              │
│  Summary          Value    Evaluate      4s  47%    Losses            Value  │
│  Env        wolf_rabbit      Forwa…      2s  27%    policy_loss      -0.036  │
│  Params            5.9K      Env         0s   3%    value_loss        0.028  │
│  Steps            12.1M      Copy        1s  17%    entropy           0.581  │
│  SPS             199.5K      Misc        0s   0%    old_approx_kl     0.000  │
│  Epoch              184    Train         3s  52%    approx_kl         0.000  │
│  Uptime          1m 11s      Forwa…      0s   5%    clipfrac          0.000  │
│  Remaini…            0s      Learn       1s  41%    importance        1.000  │
│                              Copy        0s   4%    explained_var…    0.176  │
│                              Misc        1s  14%                             │
│                                                                              │
│  User Stats                    Value    User Stats                    Value  │
╰──────────────────────────────────────────────────────────────────────────────╯

  step= 12058624  eval_eaten= 0.00  trail_avg= 0.00
[0;0H╭──────────────────────────────────────────────────────────────────────────────╮
│  PufferLib 3.0    🐡            CPU:       GPU:     DRAM: 5.1%   VRAM: 8.2%  │
│                                326.8%      20.2%                             │
│                                                                              │
│  Summary          Value    Evaluate      4s  47%    Losses            Value  │
│  Env        wolf_rabbit      Forwa…      2s  27%    policy_loss      -0.045  │
│  Params            5.9K      Env         0s   3%    value_loss        0.030  │
│  Steps            12.1M      Copy        1s  17%    entropy           0.588  │
│  SPS             173.6K      Misc        0s   0%    old_approx_kl    -0.000  │
│  Epoch              185    Train         3s  52%    approx_kl         0.000  │
│  Uptime          1m 11s      Forwa…      0s   5%    clipfrac          0.000  │
│  Remaini…            0s      Learn       1s  41%    importance        1.000  │
│                              Copy        0s   4%    explained_var…    0.169  │
│                              Misc        1s  14%                             │
│                                                                              │
│  User Stats                    Value    User Stats                    Value  │
╰──────────────────────────────────────────────────────────────────────────────╯

  step= 12124160  eval_eaten= 0.00  trail_avg= 0.00
[0;0H╭──────────────────────────────────────────────────────────────────────────────╮
│  PufferLib 3.0   🐡             CPU:       GPU:     DRAM: 5.1%   VRAM: 8.2%  │
│                                327.3%      18.3%                             │
│                                                                              │
│  Summary          Value    Evaluate      4s  47%    Losses            Value  │
│  Env        wolf_rabbit      Forwa…      2s  27%    policy_loss      -0.003  │
│  Params            5.9K      Env         0s   3%    value_loss        0.032  │
│  Steps            12.2M      Copy        1s  17%    entropy           0.595  │
│  SPS             182.7K      Misc        0s   0%    old_approx_kl     0.000  │
│  Epoch              186    Train         3s  52%    approx_kl         0.000  │
│  Uptime          1m 11s      Forwa…      0s   5%    clipfrac          0.000  │
│  Remaini…   -1h 59m 59s      Learn       1s  41%    importance        1.000  │
│                              Copy        0s   4%    explained_var…    0.137  │
│                              Misc        1s  14%                             │
│                                                                              │
│  User Stats                    Value    User Stats                    Value  │
╰──────────────────────────────────────────────────────────────────────────────╯

  step= 12189696  eval_eaten= 0.00  trail_avg= 0.00

=== Validation across all stages (greedy) ===
  arena    3x3     eaten/ep= 0.00  boundary_hits/ep=0.000
  arena    6x6     eaten/ep= 0.00  boundary_hits/ep=0.000
  arena   15x15    eaten/ep= 0.00  boundary_hits/ep=0.000
saved -> experiments/wolf_curriculum.pt
